time,open,high,low,close
2024-10-07 00:00:00,2385.00,2388.32,2384.50,2386.78
2024-10-07 04:00:00,2386.78,2390.24,2385.41,2388.25
2024-10-07 08:00:00,2388.25,2396.55,2386.17,2396.24
2024-10-07 12:00:00,2396.24,2401.64,2392.70,2396.11
2024-10-07 16:00:00,2396.11,2396.29,2389.21,2393.16
2024-10-07 20:00:00,2393.16,2399.34,2392.09,2399.21
2024-10-08 00:00:00,2399.21,2399.49,2396.54,2397.20
2024-10-08 04:00:00,2397.20,2403.74,2396.33,2403.57
2024-10-08 08:00:00,2403.57,2413.36,2401.44,2411.12
2024-10-08 12:00:00,2411.12,2420.87,2407.82,2411.16
2024-10-08 16:00:00,2411.16,2413.65,2406.28,2413.48
2024-10-08 20:00:00,2413.48,2416.36,2411.19,2414.68
2024-10-09 00:00:00,2414.68,2415.56,2412.16,2413.80
2024-10-09 04:00:00,2413.80,2416.20,2411.26,2411.75
2024-10-09 08:00:00,2411.75,2424.54,2411.12,2421.61
2024-10-09 12:00:00,2421.61,2427.61,2417.77,2421.44
2024-10-09 16:00:00,2421.44,2422.49,2412.95,2415.52
2024-10-09 20:00:00,2415.52,2419.42,2414.77,2418.82
2024-10-10 00:00:00,2418.82,2421.83,2416.68,2420.39
2024-10-10 04:00:00,2420.39,2420.98,2413.38,2415.91
2024-10-10 08:00:00,2415.91,2421.66,2412.87,2418.66
2024-10-10 12:00:00,2418.66,2430.90,2417.82,2429.53
2024-10-10 16:00:00,2429.53,2431.35,2420.11,2423.59
2024-10-10 20:00:00,2423.59,2424.07,2419.96,2420.22
2024-10-11 00:00:00,2420.22,2422.52,2419.59,2421.35
2024-10-11 04:00:00,2421.35,2425.22,2417.04,2422.40
2024-10-11 08:00:00,2422.40,2423.57,2414.97,2417.88
2024-10-11 12:00:00,2417.88,2421.65,2412.84,2418.23
2024-10-11 16:00:00,2418.23,2422.13,2415.52,2420.09
2024-10-11 20:00:00,2420.09,2422.39,2418.02,2420.52
2024-10-14 00:00:00,2420.52,2422.56,2418.62,2420.22
2024-10-14 04:00:00,2420.22,2420.91,2415.56,2417.34
2024-10-14 08:00:00,2417.34,2422.32,2412.66,2415.03
2024-10-14 12:00:00,2415.03,2419.43,2410.85,2411.88
2024-10-14 16:00:00,2411.88,2411.96,2404.79,2407.70
2024-10-14 20:00:00,2407.70,2408.40,2397.61,2398.69
2024-10-15 00:00:00,2398.69,2399.12,2396.57,2397.91
2024-10-15 04:00:00,2397.91,2400.57,2396.85,2397.36
2024-10-15 08:00:00,2397.36,2404.93,2394.64,2402.07
2024-10-15 12:00:00,2402.07,2409.66,2400.17,2406.06
2024-10-15 16:00:00,2406.06,2406.99,2398.42,2399.34
2024-10-15 20:00:00,2399.34,2404.33,2395.89,2404.24
2024-10-16 00:00:00,2404.24,2409.28,2404.11,2408.38
2024-10-16 04:00:00,2408.38,2411.91,2406.89,2408.24
2024-10-16 08:00:00,2408.24,2414.69,2405.01,2406.08
2024-10-16 12:00:00,2406.08,2411.19,2405.56,2408.23
2024-10-16 16:00:00,2408.23,2413.22,2405.72,2406.23
2024-10-16 20:00:00,2406.23,2410.40,2406.08,2408.44
2024-10-17 00:00:00,2408.44,2412.19,2407.15,2410.99
2024-10-17 04:00:00,2410.99,2413.71,2406.75,2408.73
2024-10-17 08:00:00,2408.73,2419.13,2408.21,2411.34
2024-10-17 12:00:00,2411.34,2415.44,2408.05,2413.20
2024-10-17 16:00:00,2413.20,2421.01,2410.80,2417.41
2024-10-17 20:00:00,2417.41,2418.86,2413.10,2413.41
2024-10-18 00:00:00,2413.41,2415.18,2409.83,2411.34
2024-10-18 04:00:00,2411.34,2418.30,2410.38,2417.99
2024-10-18 08:00:00,2417.99,2425.61,2415.04,2424.24
2024-10-18 12:00:00,2424.24,2429.71,2421.46,2422.44
2024-10-18 16:00:00,2422.44,2426.61,2417.71,2424.55
2024-10-18 20:00:00,2424.55,2429.41,2424.19,2426.86
2024-10-21 00:00:00,2426.86,2428.29,2425.18,2425.88
2024-10-21 04:00:00,2425.88,2432.67,2425.51,2429.88
2024-10-21 08:00:00,2429.88,2431.28,2421.28,2425.55
2024-10-21 12:00:00,2425.55,2428.92,2422.04,2424.08
2024-10-21 16:00:00,2424.08,2424.87,2409.71,2410.11
2024-10-21 20:00:00,2410.11,2412.85,2408.32,2408.45
2024-10-22 00:00:00,2408.45,2410.39,2404.69,2405.18
2024-10-22 04:00:00,2405.18,2412.82,2404.73,2411.72
2024-10-22 08:00:00,2411.72,2416.01,2408.81,2414.39
2024-10-22 12:00:00,2414.39,2418.50,2410.53,2415.63
2024-10-22 16:00:00,2415.63,2417.40,2412.58,2416.36
2024-10-22 20:00:00,2416.36,2417.67,2411.45,2411.60
2024-10-23 00:00:00,2411.60,2415.06,2411.20,2414.28
2024-10-23 04:00:00,2414.28,2415.06,2410.47,2413.64
2024-10-23 08:00:00,2413.64,2425.23,2411.45,2424.33
2024-10-23 12:00:00,2424.33,2433.25,2423.58,2428.36
2024-10-23 16:00:00,2428.36,2431.37,2423.40,2423.66
2024-10-23 20:00:00,2423.66,2427.24,2423.39,2426.51
2024-10-24 00:00:00,2426.51,2428.55,2423.90,2426.20
2024-10-24 04:00:00,2426.20,2427.37,2421.11,2425.16
2024-10-24 08:00:00,2425.16,2438.09,2420.17,2435.19
2024-10-24 12:00:00,2435.19,2436.67,2418.76,2424.78
2024-10-24 16:00:00,2424.78,2435.53,2423.77,2429.76
2024-10-24 20:00:00,2429.76,2431.96,2427.27,2430.21
2024-10-25 00:00:00,2430.21,2433.25,2427.93,2432.41
2024-10-25 04:00:00,2432.41,2432.51,2426.35,2426.78
2024-10-25 08:00:00,2426.78,2434.81,2425.25,2431.64
2024-10-25 12:00:00,2431.64,2443.36,2430.89,2442.58
2024-10-25 16:00:00,2442.58,2453.40,2441.64,2450.25
2024-10-25 20:00:00,2450.25,2453.58,2448.91,2451.57
2024-10-28 00:00:00,2451.57,2453.04,2448.25,2450.85
2024-10-28 04:00:00,2450.85,2454.42,2448.49,2451.36
2024-10-28 08:00:00,2451.36,2451.46,2438.78,2439.45
2024-10-28 12:00:00,2439.45,2443.78,2431.98,2434.62
2024-10-28 16:00:00,2434.62,2440.20,2430.92,2435.26
2024-10-28 20:00:00,2435.26,2442.21,2434.92,2437.87
2024-10-29 00:00:00,2437.87,2438.82,2435.12,2435.39
2024-10-29 04:00:00,2435.39,2441.66,2434.10,2440.05
2024-10-29 08:00:00,2440.05,2450.26,2437.74,2449.35
2024-10-29 12:00:00,2449.35,2457.72,2448.55,2455.72
2024-10-29 16:00:00,2455.72,2457.03,2451.06,2453.74
2024-10-29 20:00:00,2453.74,2455.84,2452.29,2453.92
2024-10-30 00:00:00,2453.92,2455.08,2448.39,2450.81
2024-10-30 04:00:00,2450.81,2451.36,2445.14,2448.16
2024-10-30 08:00:00,2448.16,2454.15,2443.61,2450.64
2024-10-30 12:00:00,2450.64,2458.30,2442.76,2457.95
2024-10-30 16:00:00,2457.95,2468.63,2455.78,2468.51
2024-10-30 20:00:00,2468.51,2470.32,2467.26,2468.44
2024-10-31 00:00:00,2468.44,2471.58,2468.33,2469.80
2024-10-31 04:00:00,2469.80,2474.72,2468.58,2473.37
2024-10-31 08:00:00,2473.37,2474.50,2467.15,2467.73
2024-10-31 12:00:00,2467.73,2473.93,2465.08,2468.09
2024-10-31 16:00:00,2468.09,2477.67,2467.18,2476.03
2024-10-31 20:00:00,2476.03,2479.48,2475.72,2476.51
2024-11-01 00:00:00,2476.51,2478.24,2473.63,2476.80
2024-11-01 04:00:00,2476.80,2478.08,2472.04,2474.06
2024-11-01 08:00:00,2474.06,2477.22,2463.44,2464.96
2024-11-01 12:00:00,2464.96,2476.48,2464.13,2475.89
2024-11-01 16:00:00,2475.89,2480.48,2475.23,2476.99
2024-11-01 20:00:00,2476.99,2477.44,2470.42,2476.80
2024-11-04 00:00:00,2476.80,2479.39,2474.94,2475.13
2024-11-04 04:00:00,2475.13,2477.25,2473.32,2475.07
2024-11-04 08:00:00,2475.07,2481.83,2474.06,2481.65
2024-11-04 12:00:00,2481.65,2488.42,2474.72,2476.47
2024-11-04 16:00:00,2476.47,2480.26,2471.64,2472.68
2024-11-04 20:00:00,2472.68,2475.89,2470.65,2471.98
2024-11-05 00:00:00,2471.98,2477.92,2471.75,2477.69
2024-11-05 04:00:00,2477.69,2482.35,2475.93,2482.11
2024-11-05 08:00:00,2482.11,2491.50,2478.32,2490.21
2024-11-05 12:00:00,2490.21,2493.42,2482.28,2491.94
2024-11-05 16:00:00,2491.94,2493.94,2487.64,2487.75
2024-11-05 20:00:00,2487.75,2487.88,2482.92,2485.50
2024-11-06 00:00:00,2485.50,2487.07,2483.38,2484.31
2024-11-06 04:00:00,2484.31,2489.24,2480.78,2482.27
2024-11-06 08:00:00,2482.27,2493.93,2480.94,2490.72
2024-11-06 12:00:00,2490.72,2493.72,2479.85,2483.49
2024-11-06 16:00:00,2483.49,2490.17,2480.46,2488.26
2024-11-06 20:00:00,2488.26,2490.14,2482.13,2483.08
2024-11-07 00:00:00,2483.08,2484.91,2481.84,2483.59
2024-11-07 04:00:00,2483.59,2492.83,2482.71,2492.31
2024-11-07 08:00:00,2492.31,2503.95,2490.91,2503.14
2024-11-07 12:00:00,2503.14,2518.60,2501.97,2518.00
2024-11-07 16:00:00,2518.00,2519.35,2513.52,2514.47
2024-11-07 20:00:00,2514.47,2518.25,2513.68,2515.65
2024-11-08 00:00:00,2515.65,2516.19,2512.70,2515.23
2024-11-08 04:00:00,2515.23,2516.36,2510.24,2510.60
2024-11-08 08:00:00,2510.60,2521.45,2510.32,2519.11
2024-11-08 12:00:00,2519.11,2525.64,2513.73,2522.33
2024-11-08 16:00:00,2522.33,2532.62,2521.49,2532.04
2024-11-08 20:00:00,2532.04,2533.69,2529.46,2530.73
2024-11-11 00:00:00,2530.73,2533.97,2530.27,2533.33
2024-11-11 04:00:00,2533.33,2538.00,2532.69,2533.68
2024-11-11 08:00:00,2533.68,2536.53,2530.15,2530.48
2024-11-11 12:00:00,2530.48,2531.38,2522.16,2527.39
2024-11-11 16:00:00,2527.39,2528.77,2517.92,2520.40
2024-11-11 20:00:00,2520.40,2523.30,2518.87,2522.84
2024-11-12 00:00:00,2522.84,2526.01,2521.63,2524.87
2024-11-12 04:00:00,2524.87,2525.44,2514.88,2516.79
2024-11-12 08:00:00,2516.79,2520.82,2513.78,2515.16
2024-11-12 12:00:00,2515.16,2525.18,2511.25,2523.80
2024-11-12 16:00:00,2523.80,2528.60,2521.21,2528.07
2024-11-12 20:00:00,2528.07,2532.83,2527.76,2530.31
2024-11-13 00:00:00,2530.31,2531.17,2524.94,2525.94
2024-11-13 04:00:00,2525.94,2530.98,2523.34,2530.79
2024-11-13 08:00:00,2530.79,2538.95,2530.15,2536.72
2024-11-13 12:00:00,2536.72,2543.36,2533.72,2539.89
2024-11-13 16:00:00,2539.89,2540.11,2533.63,2534.88
2024-11-13 20:00:00,2534.88,2535.42,2530.78,2531.90
2024-11-14 00:00:00,2531.90,2532.15,2527.63,2528.34
2024-11-14 04:00:00,2528.34,2534.01,2527.44,2531.38
2024-11-14 08:00:00,2531.38,2534.26,2523.51,2528.95
2024-11-14 12:00:00,2528.95,2532.62,2521.45,2528.24
2024-11-14 16:00:00,2528.24,2542.79,2526.02,2540.61
2024-11-14 20:00:00,2540.61,2541.45,2536.92,2537.62
2024-11-15 00:00:00,2537.62,2538.36,2533.24,2536.61
2024-11-15 04:00:00,2536.61,2537.46,2532.71,2533.13
2024-11-15 08:00:00,2533.13,2541.73,2532.06,2533.74
2024-11-15 12:00:00,2533.74,2537.74,2529.26,2530.19
2024-11-15 16:00:00,2530.19,2535.57,2529.11,2532.23
2024-11-15 20:00:00,2532.23,2534.46,2529.49,2532.71
2024-11-18 00:00:00,2532.71,2534.46,2530.95,2534.00
2024-11-18 04:00:00,2534.00,2538.28,2533.07,2536.18
2024-11-18 08:00:00,2536.18,2543.57,2535.92,2540.26
2024-11-18 12:00:00,2540.26,2541.59,2522.17,2524.04
2024-11-18 16:00:00,2524.04,2525.31,2519.76,2523.78
2024-11-18 20:00:00,2523.78,2528.13,2523.20,2527.95
2024-11-19 00:00:00,2527.95,2530.44,2527.02,2527.58
2024-11-19 04:00:00,2527.58,2528.17,2519.55,2519.87
2024-11-19 08:00:00,2519.87,2538.06,2517.87,2537.86
2024-11-19 12:00:00,2537.86,2538.12,2530.34,2534.02
2024-11-19 16:00:00,2534.02,2536.11,2528.41,2534.83
2024-11-19 20:00:00,2534.83,2538.10,2532.05,2532.23
2024-11-20 00:00:00,2532.23,2536.86,2531.54,2536.31
2024-11-20 04:00:00,2536.31,2537.79,2533.16,2536.30
2024-11-20 08:00:00,2536.30,2537.13,2528.30,2534.37
2024-11-20 12:00:00,2534.37,2534.80,2526.52,2526.61
2024-11-20 16:00:00,2526.61,2529.01,2520.24,2520.89
2024-11-20 20:00:00,2520.89,2522.51,2517.14,2520.58
2024-11-21 00:00:00,2520.58,2520.80,2516.28,2516.43
2024-11-21 04:00:00,2516.43,2517.88,2512.26,2517.58
2024-11-21 08:00:00,2517.58,2522.38,2513.72,2518.75
2024-11-21 12:00:00,2518.75,2524.71,2515.28,2521.37
2024-11-21 16:00:00,2521.37,2525.53,2518.91,2520.82
2024-11-21 20:00:00,2520.82,2522.48,2515.03,2519.28
2024-11-22 00:00:00,2519.28,2521.93,2518.52,2521.66
2024-11-22 04:00:00,2521.66,2524.00,2515.47,2516.74
2024-11-22 08:00:00,2516.74,2519.62,2507.07,2509.71
2024-11-22 12:00:00,2509.71,2517.05,2508.34,2514.49
2024-11-22 16:00:00,2514.49,2521.91,2510.57,2513.53
2024-11-22 20:00:00,2513.53,2517.68,2511.10,2516.85
2024-11-25 00:00:00,2516.85,2517.38,2514.85,2515.19
2024-11-25 04:00:00,2515.19,2519.09,2513.98,2515.03
2024-11-25 08:00:00,2515.03,2518.43,2508.33,2517.62
2024-11-25 12:00:00,2517.62,2520.24,2510.15,2515.62
2024-11-25 16:00:00,2515.62,2522.52,2515.51,2521.71
2024-11-25 20:00:00,2521.71,2524.11,2518.75,2522.74
2024-11-26 00:00:00,2522.74,2524.48,2519.91,2521.05
2024-11-26 04:00:00,2521.05,2525.35,2519.54,2524.12
2024-11-26 08:00:00,2524.12,2529.13,2521.40,2523.86
2024-11-26 12:00:00,2523.86,2525.72,2506.27,2509.91
2024-11-26 16:00:00,2509.91,2517.84,2509.73,2514.72
2024-11-26 20:00:00,2514.72,2517.84,2512.83,2513.80
2024-11-27 00:00:00,2513.80,2516.40,2511.56,2515.65
2024-11-27 04:00:00,2515.65,2522.60,2514.71,2520.42
2024-11-27 08:00:00,2520.42,2522.97,2513.01,2514.65
2024-11-27 12:00:00,2514.65,2515.02,2506.44,2510.72
2024-11-27 16:00:00,2510.72,2514.66,2509.72,2509.80
2024-11-27 20:00:00,2509.80,2515.37,2508.47,2513.43
2024-11-28 00:00:00,2513.43,2516.65,2511.71,2515.41
2024-11-28 04:00:00,2515.41,2517.79,2509.95,2512.77
2024-11-28 08:00:00,2512.77,2520.05,2508.58,2508.98
2024-11-28 12:00:00,2508.98,2514.31,2506.58,2510.01
2024-11-28 16:00:00,2510.01,2510.84,2501.99,2504.38
2024-11-28 20:00:00,2504.38,2509.62,2504.19,2507.35
2024-11-29 00:00:00,2507.35,2507.98,2503.13,2503.96
2024-11-29 04:00:00,2503.96,2507.23,2502.14,2505.19
2024-11-29 08:00:00,2505.19,2508.48,2499.38,2507.58
2024-11-29 12:00:00,2507.58,2510.30,2501.35,2502.96
2024-11-29 16:00:00,2502.96,2504.21,2497.29,2502.53
2024-11-29 20:00:00,2502.53,2505.30,2499.11,2499.50
2024-12-02 00:00:00,2499.50,2502.39,2499.05,2500.34
2024-12-02 04:00:00,2500.34,2502.24,2496.76,2497.20
2024-12-02 08:00:00,2497.20,2497.60,2488.61,2492.61
2024-12-02 12:00:00,2492.61,2497.54,2487.80,2489.39
2024-12-02 16:00:00,2489.39,2494.10,2487.34,2490.99
2024-12-02 20:00:00,2490.99,2492.55,2485.74,2485.97
2024-12-03 00:00:00,2485.97,2488.30,2482.42,2484.19
2024-12-03 04:00:00,2484.19,2489.96,2483.03,2486.83
2024-12-03 08:00:00,2486.83,2489.61,2480.87,2481.92
2024-12-03 12:00:00,2481.92,2483.66,2475.34,2479.19
2024-12-03 16:00:00,2479.19,2481.11,2475.50,2477.12
2024-12-03 20:00:00,2477.12,2484.28,2476.71,2481.12
2024-12-04 00:00:00,2481.12,2482.38,2479.72,2480.89
2024-12-04 04:00:00,2480.89,2482.45,2474.79,2476.22
2024-12-04 08:00:00,2476.22,2480.96,2473.45,2479.63
2024-12-04 12:00:00,2479.63,2488.72,2477.89,2481.61
2024-12-04 16:00:00,2481.61,2486.18,2480.32,2482.12
2024-12-04 20:00:00,2482.12,2488.52,2481.65,2483.05
2024-12-05 00:00:00,2483.05,2487.81,2482.30,2485.62
2024-12-05 04:00:00,2485.62,2489.66,2484.59,2487.99
2024-12-05 08:00:00,2487.99,2494.61,2481.52,2484.68
2024-12-05 12:00:00,2484.68,2485.01,2473.79,2477.60
2024-12-05 16:00:00,2477.60,2480.77,2474.75,2475.11
2024-12-05 20:00:00,2475.11,2476.57,2472.90,2473.55
2024-12-06 00:00:00,2473.55,2474.03,2469.94,2471.02
2024-12-06 04:00:00,2471.02,2475.78,2469.23,2475.21
2024-12-06 08:00:00,2475.21,2475.68,2457.38,2464.59
2024-12-06 12:00:00,2464.59,2465.50,2455.79,2461.42
2024-12-06 16:00:00,2461.42,2461.55,2455.61,2460.50
2024-12-06 20:00:00,2460.50,2463.91,2459.60,2462.82
2024-12-09 00:00:00,2462.82,2464.86,2461.82,2462.52
2024-12-09 04:00:00,2462.52,2464.43,2455.07,2455.90
2024-12-09 08:00:00,2455.90,2464.94,2453.97,2460.53
2024-12-09 12:00:00,2460.53,2463.79,2457.32,2462.27
2024-12-09 16:00:00,2462.27,2473.75,2461.71,2471.62
2024-12-09 20:00:00,2471.62,2474.26,2469.95,2473.68
2024-12-10 00:00:00,2473.68,2473.77,2470.00,2471.57
2024-12-10 04:00:00,2471.57,2481.38,2471.21,2480.41
2024-12-10 08:00:00,2480.41,2489.38,2477.00,2488.28
2024-12-10 12:00:00,2488.28,2495.46,2485.11,2491.24
2024-12-10 16:00:00,2491.24,2494.92,2489.60,2493.20
2024-12-10 20:00:00,2493.20,2494.58,2487.35,2487.91
2024-12-11 00:00:00,2487.91,2489.18,2485.75,2487.37
2024-12-11 04:00:00,2487.37,2489.02,2482.71,2484.64
2024-12-11 08:00:00,2484.64,2485.94,2469.67,2470.46
2024-12-11 12:00:00,2470.46,2478.35,2466.32,2468.69
2024-12-11 16:00:00,2468.69,2477.53,2468.54,2474.85
2024-12-11 20:00:00,2474.85,2475.49,2471.06,2471.87
2024-12-12 00:00:00,2471.87,2472.32,2467.07,2468.63
2024-12-12 04:00:00,2468.63,2470.02,2462.96,2466.75
2024-12-12 08:00:00,2466.75,2474.29,2464.87,2473.61
2024-12-12 12:00:00,2473.61,2473.82,2463.01,2468.99
2024-12-12 16:00:00,2468.99,2469.63,2462.64,2463.76
2024-12-12 20:00:00,2463.76,2464.92,2457.60,2458.18
2024-12-13 00:00:00,2458.18,2458.79,2454.98,2456.65
2024-12-13 04:00:00,2456.65,2456.86,2451.42,2452.86
2024-12-13 08:00:00,2452.86,2458.64,2450.79,2454.50
2024-12-13 12:00:00,2454.50,2459.56,2448.51,2459.43
2024-12-13 16:00:00,2459.43,2464.38,2457.64,2463.67
2024-12-13 20:00:00,2463.67,2466.39,2462.18,2465.78
2024-12-16 00:00:00,2465.78,2467.58,2462.59,2464.96
2024-12-16 04:00:00,2464.96,2469.04,2462.93,2468.77
2024-12-16 08:00:00,2468.77,2472.31,2463.41,2470.49
2024-12-16 12:00:00,2470.49,2474.61,2467.91,2471.21
2024-12-16 16:00:00,2471.21,2475.12,2467.63,2470.26
2024-12-16 20:00:00,2470.26,2472.87,2466.14,2469.54
2024-12-17 00:00:00,2469.54,2471.05,2467.49,2469.51
2024-12-17 04:00:00,2469.51,2470.71,2467.14,2467.32
2024-12-17 08:00:00,2467.32,2473.59,2463.48,2464.83
2024-12-17 12:00:00,2464.83,2467.70,2461.83,2466.80
2024-12-17 16:00:00,2466.80,2468.16,2458.42,2460.19
2024-12-17 20:00:00,2460.19,2461.15,2454.52,2455.79
2024-12-18 00:00:00,2455.79,2456.14,2448.43,2448.90
2024-12-18 04:00:00,2448.90,2450.34,2445.49,2447.14
2024-12-18 08:00:00,2447.14,2464.01,2445.85,2457.38
2024-12-18 12:00:00,2457.38,2465.85,2455.69,2465.08
2024-12-18 16:00:00,2465.08,2467.75,2461.51,2464.20
2024-12-18 20:00:00,2464.20,2470.04,2463.31,2469.63
2024-12-19 00:00:00,2469.63,2471.00,2466.53,2466.70
2024-12-19 04:00:00,2466.70,2467.02,2459.23,2459.58
2024-12-19 08:00:00,2459.58,2462.09,2447.78,2452.99
2024-12-19 12:00:00,2452.99,2462.76,2452.75,2458.70
2024-12-19 16:00:00,2458.70,2458.99,2446.36,2447.71
2024-12-19 20:00:00,2447.71,2449.15,2445.40,2447.79
2024-12-20 00:00:00,2447.79,2447.96,2443.91,2446.12
2024-12-20 04:00:00,2446.12,2446.50,2440.62,2441.38
2024-12-20 08:00:00,2441.38,2459.78,2438.14,2458.22
2024-12-20 12:00:00,2458.22,2461.07,2452.56,2453.95
2024-12-20 16:00:00,2453.95,2461.35,2453.41,2460.65
2024-12-20 20:00:00,2460.65,2464.07,2459.61,2463.50
2024-12-23 00:00:00,2463.50,2465.70,2461.40,2462.63
2024-12-23 04:00:00,2462.63,2465.05,2461.12,2462.46
2024-12-23 08:00:00,2462.46,2462.54,2451.85,2453.15
2024-12-23 12:00:00,2453.15,2455.04,2446.20,2446.68
2024-12-23 16:00:00,2446.68,2450.92,2443.33,2447.30
2024-12-23 20:00:00,2447.30,2448.35,2441.97,2445.70
2024-12-24 00:00:00,2445.70,2447.16,2441.87,2442.36
2024-12-24 04:00:00,2442.36,2442.58,2438.87,2440.87
2024-12-24 08:00:00,2440.87,2457.44,2438.55,2451.26
2024-12-24 12:00:00,2451.26,2454.57,2444.80,2450.25
2024-12-24 16:00:00,2450.25,2450.88,2443.05,2446.73
2024-12-24 20:00:00,2446.73,2446.83,2441.42,2443.56
2024-12-25 00:00:00,2443.56,2445.36,2440.39,2441.86
2024-12-25 04:00:00,2441.86,2443.33,2436.14,2437.85
2024-12-25 08:00:00,2437.85,2440.13,2430.50,2435.39
2024-12-25 12:00:00,2435.39,2441.89,2432.72,2438.59
2024-12-25 16:00:00,2438.59,2440.28,2432.86,2435.73
2024-12-25 20:00:00,2435.73,2440.86,2434.71,2438.41
2024-12-26 00:00:00,2438.41,2440.89,2436.99,2440.74
2024-12-26 04:00:00,2440.74,2442.11,2437.95,2439.84
2024-12-26 08:00:00,2439.84,2443.62,2431.97,2442.39
2024-12-26 12:00:00,2442.39,2444.96,2435.73,2442.07
2024-12-26 16:00:00,2442.07,2443.16,2436.58,2437.51
2024-12-26 20:00:00,2437.51,2440.25,2435.95,2438.43
2024-12-27 00:00:00,2438.43,2440.46,2436.39,2437.98
2024-12-27 04:00:00,2437.98,2439.44,2436.26,2437.77
2024-12-27 08:00:00,2437.77,2439.59,2432.43,2433.75
2024-12-27 12:00:00,2433.75,2439.47,2428.64,2429.97
2024-12-27 16:00:00,2429.97,2435.05,2427.11,2433.39
2024-12-27 20:00:00,2433.39,2434.60,2431.03,2431.93
2024-12-30 00:00:00,2431.93,2435.04,2431.59,2433.16
2024-12-30 04:00:00,2433.16,2437.41,2432.61,2435.79
2024-12-30 08:00:00,2435.79,2437.22,2428.61,2432.23
2024-12-30 12:00:00,2432.23,2439.69,2430.59,2436.14
2024-12-30 16:00:00,2436.14,2444.18,2434.60,2442.10
2024-12-30 20:00:00,2442.10,2447.09,2441.70,2444.98
2024-12-31 00:00:00,2444.98,2449.25,2443.56,2448.07
2024-12-31 04:00:00,2448.07,2448.97,2444.57,2446.64
2024-12-31 08:00:00,2446.64,2454.39,2445.21,2447.87
2024-12-31 12:00:00,2447.87,2457.65,2447.41,2452.70
2024-12-31 16:00:00,2452.70,2453.17,2443.61,2443.90
2024-12-31 20:00:00,2443.90,2447.30,2439.38,2440.25
2025-01-01 00:00:00,2440.25,2441.11,2433.91,2436.12
2025-01-01 04:00:00,2436.12,2438.13,2429.51,2430.69
2025-01-01 08:00:00,2430.69,2437.77,2429.26,2433.82
2025-01-01 12:00:00,2433.82,2434.47,2428.76,2432.96
2025-01-01 16:00:00,2432.96,2434.18,2426.60,2429.48
2025-01-01 20:00:00,2429.48,2436.02,2427.35,2435.68
2025-01-02 00:00:00,2435.68,2438.19,2433.75,2433.98
2025-01-02 04:00:00,2433.98,2437.45,2432.28,2432.50
2025-01-02 08:00:00,2432.50,2441.12,2428.62,2437.93
2025-01-02 12:00:00,2437.93,2438.46,2424.75,2426.40
2025-01-02 16:00:00,2426.40,2429.84,2421.71,2429.61
2025-01-02 20:00:00,2429.61,2435.76,2428.01,2433.80
2025-01-03 00:00:00,2433.80,2436.47,2432.30,2435.69
2025-01-03 04:00:00,2435.69,2436.23,2429.48,2429.83
2025-01-03 08:00:00,2429.83,2431.20,2420.80,2424.39
2025-01-03 12:00:00,2424.39,2427.25,2421.15,2422.63
2025-01-03 16:00:00,2422.63,2429.53,2421.47,2429.14
2025-01-03 20:00:00,2429.14,2430.51,2425.02,2426.94
2025-01-06 00:00:00,2426.94,2427.73,2425.01,2426.20
2025-01-06 04:00:00,2426.20,2428.35,2421.73,2422.16
2025-01-06 08:00:00,2422.16,2431.91,2420.35,2430.82
2025-01-06 12:00:00,2430.82,2439.40,2429.14,2439.12
2025-01-06 16:00:00,2439.12,2441.74,2434.82,2438.63
2025-01-06 20:00:00,2438.63,2441.09,2435.95,2436.32
2025-01-07 00:00:00,2436.32,2436.57,2430.90,2433.62
2025-01-07 04:00:00,2433.62,2434.08,2428.00,2429.17
2025-01-07 08:00:00,2429.17,2435.34,2421.70,2433.06
2025-01-07 12:00:00,2433.06,2437.87,2427.08,2437.79
2025-01-07 16:00:00,2437.79,2441.46,2430.36,2432.61
2025-01-07 20:00:00,2432.61,2442.25,2431.47,2441.91
2025-01-08 00:00:00,2441.91,2443.91,2439.95,2442.17
2025-01-08 04:00:00,2442.17,2443.34,2437.85,2438.63
2025-01-08 08:00:00,2438.63,2440.85,2434.00,2438.51
2025-01-08 12:00:00,2438.51,2457.54,2438.33,2455.83
2025-01-08 16:00:00,2455.83,2459.23,2449.18,2456.61
2025-01-08 20:00:00,2456.61,2458.09,2452.07,2453.60
2025-01-09 00:00:00,2453.60,2455.32,2450.91,2452.80
2025-01-09 04:00:00,2452.80,2459.96,2451.86,2456.25
2025-01-09 08:00:00,2456.25,2462.98,2455.94,2460.96
2025-01-09 12:00:00,2460.96,2464.27,2456.79,2461.93
2025-01-09 16:00:00,2461.93,2463.92,2458.08,2462.14
2025-01-09 20:00:00,2462.14,2463.33,2452.55,2453.42
2025-01-10 00:00:00,2453.42,2454.75,2449.97,2454.17
2025-01-10 04:00:00,2454.17,2458.51,2448.53,2457.41
2025-01-10 08:00:00,2457.41,2460.24,2452.36,2454.30
2025-01-10 12:00:00,2454.30,2459.06,2451.07,2458.52
2025-01-10 16:00:00,2458.52,2459.01,2450.97,2455.47
2025-01-10 20:00:00,2455.47,2456.52,2451.56,2454.40
2025-01-13 00:00:00,2454.40,2460.23,2453.79,2459.28
2025-01-13 04:00:00,2459.28,2464.10,2458.95,2462.33
2025-01-13 08:00:00,2462.33,2464.20,2456.27,2457.92
2025-01-13 12:00:00,2457.92,2465.04,2452.18,2462.02
2025-01-13 16:00:00,2462.02,2463.44,2456.29,2457.30
2025-01-13 20:00:00,2457.30,2460.60,2456.29,2458.65
2025-01-14 00:00:00,2458.65,2459.88,2454.39,2457.18
2025-01-14 04:00:00,2457.18,2462.45,2456.08,2459.98
2025-01-14 08:00:00,2459.98,2465.42,2457.13,2458.50
2025-01-14 12:00:00,2458.50,2464.87,2454.95,2464.28
2025-01-14 16:00:00,2464.28,2465.63,2451.97,2452.92
2025-01-14 20:00:00,2452.92,2453.39,2445.40,2446.72
2025-01-15 00:00:00,2446.72,2448.35,2444.09,2444.68
2025-01-15 04:00:00,2444.68,2456.74,2443.89,2455.94
2025-01-15 08:00:00,2455.94,2461.70,2453.20,2456.93
2025-01-15 12:00:00,2456.93,2458.16,2445.17,2449.97
2025-01-15 16:00:00,2449.97,2453.16,2445.19,2449.12
2025-01-15 20:00:00,2449.12,2456.55,2448.60,2455.61
2025-01-16 00:00:00,2455.61,2457.28,2452.72,2453.67
2025-01-16 04:00:00,2453.67,2462.13,2453.46,2460.82
2025-01-16 08:00:00,2460.82,2462.18,2445.55,2449.75
2025-01-16 12:00:00,2449.75,2450.01,2438.95,2443.39
2025-01-16 16:00:00,2443.39,2445.08,2436.05,2439.37
2025-01-16 20:00:00,2439.37,2441.71,2436.41,2436.77
2025-01-17 00:00:00,2436.77,2438.20,2432.61,2432.88
2025-01-17 04:00:00,2432.88,2433.89,2425.90,2432.34
2025-01-17 08:00:00,2432.34,2437.77,2428.24,2429.93
2025-01-17 12:00:00,2429.93,2430.27,2412.13,2413.77
2025-01-17 16:00:00,2413.77,2417.48,2407.45,2416.43
2025-01-17 20:00:00,2416.43,2420.37,2413.01,2414.95
2025-01-20 00:00:00,2414.95,2415.59,2412.61,2413.01
2025-01-20 04:00:00,2413.01,2415.14,2405.96,2406.45
2025-01-20 08:00:00,2406.45,2409.63,2402.27,2407.56
2025-01-20 12:00:00,2407.56,2411.41,2402.84,2410.85
2025-01-20 16:00:00,2410.85,2415.27,2404.49,2414.87
2025-01-20 20:00:00,2414.87,2417.75,2413.77,2416.44
2025-01-21 00:00:00,2416.44,2419.65,2415.42,2418.40
2025-01-21 04:00:00,2418.40,2419.22,2414.65,2415.89
2025-01-21 08:00:00,2415.89,2416.56,2400.22,2407.23
2025-01-21 12:00:00,2407.23,2413.52,2399.58,2400.24
2025-01-21 16:00:00,2400.24,2409.89,2398.96,2409.59
2025-01-21 20:00:00,2409.59,2413.05,2408.26,2412.81
2025-01-22 00:00:00,2412.81,2414.15,2411.59,2412.94
2025-01-22 04:00:00,2412.94,2413.61,2404.95,2406.95
2025-01-22 08:00:00,2406.95,2413.52,2402.48,2403.79
2025-01-22 12:00:00,2403.79,2412.11,2403.08,2411.40
2025-01-22 16:00:00,2411.40,2424.01,2411.12,2421.39
2025-01-22 20:00:00,2421.39,2425.35,2420.07,2422.64
2025-01-23 00:00:00,2422.64,2427.65,2422.31,2427.24
2025-01-23 04:00:00,2427.24,2429.24,2417.86,2418.01
2025-01-23 08:00:00,2418.01,2429.09,2414.46,2426.59
2025-01-23 12:00:00,2426.59,2427.95,2413.12,2421.76
2025-01-23 16:00:00,2421.76,2423.23,2414.14,2418.01
2025-01-23 20:00:00,2418.01,2420.96,2417.09,2418.85
2025-01-24 00:00:00,2418.85,2421.54,2418.34,2419.78
2025-01-24 04:00:00,2419.78,2427.15,2419.48,2424.44
2025-01-24 08:00:00,2424.44,2428.09,2421.83,2426.72
2025-01-24 12:00:00,2426.72,2431.44,2420.65,2422.18
2025-01-24 16:00:00,2422.18,2425.42,2416.55,2424.98
2025-01-24 20:00:00,2424.98,2429.54,2424.36,2427.32
2025-01-27 00:00:00,2427.32,2430.97,2426.48,2427.72
2025-01-27 04:00:00,2427.72,2431.75,2425.27,2428.57
2025-01-27 08:00:00,2428.57,2437.41,2424.27,2436.18
2025-01-27 12:00:00,2436.18,2442.43,2431.19,2439.09
2025-01-27 16:00:00,2439.09,2443.39,2434.64,2435.83
2025-01-27 20:00:00,2435.83,2438.41,2433.74,2435.14
2025-01-28 00:00:00,2435.14,2435.97,2430.85,2431.11
2025-01-28 04:00:00,2431.11,2437.45,2430.44,2435.81
2025-01-28 08:00:00,2435.81,2439.05,2428.52,2429.66
2025-01-28 12:00:00,2429.66,2444.10,2428.61,2437.59
2025-01-28 16:00:00,2437.59,2452.86,2437.23,2451.62
2025-01-28 20:00:00,2451.62,2455.20,2450.52,2453.30
2025-01-29 00:00:00,2453.30,2454.16,2451.01,2453.97
2025-01-29 04:00:00,2453.97,2455.29,2448.26,2451.37
2025-01-29 08:00:00,2451.37,2459.76,2450.23,2457.30
2025-01-29 12:00:00,2457.30,2458.59,2449.22,2450.99
2025-01-29 16:00:00,2450.99,2459.13,2449.60,2458.80
2025-01-29 20:00:00,2458.80,2462.75,2455.01,2462.40
2025-01-30 00:00:00,2462.40,2466.53,2461.42,2465.60
2025-01-30 04:00:00,2465.60,2467.07,2461.88,2463.47
2025-01-30 08:00:00,2463.47,2468.77,2460.58,2468.15
2025-01-30 12:00:00,2468.15,2473.98,2466.08,2468.59
2025-01-30 16:00:00,2468.59,2468.83,2460.27,2463.85
2025-01-30 20:00:00,2463.85,2468.48,2462.74,2467.54
2025-01-31 00:00:00,2467.54,2468.31,2464.32,2464.95
2025-01-31 04:00:00,2464.95,2465.62,2454.14,2455.07
2025-01-31 08:00:00,2455.07,2458.99,2449.13,2451.03
2025-01-31 12:00:00,2451.03,2451.81,2441.42,2442.64
2025-01-31 16:00:00,2442.64,2446.47,2439.47,2440.03
2025-01-31 20:00:00,2440.03,2443.38,2437.78,2442.39
2025-02-03 00:00:00,2442.39,2443.11,2439.78,2440.89
2025-02-03 04:00:00,2440.89,2441.71,2431.50,2432.55
2025-02-03 08:00:00,2432.55,2440.26,2431.44,2439.43
2025-02-03 12:00:00,2439.43,2443.24,2432.85,2435.49
2025-02-03 16:00:00,2435.49,2437.73,2424.55,2425.98
2025-02-03 20:00:00,2425.98,2431.50,2425.65,2430.10
2025-02-04 00:00:00,2430.10,2431.74,2428.91,2429.94
2025-02-04 04:00:00,2429.94,2432.63,2427.74,2429.80
2025-02-04 08:00:00,2429.80,2432.94,2424.40,2426.45
2025-02-04 12:00:00,2426.45,2434.81,2423.18,2433.89
2025-02-04 16:00:00,2433.89,2438.87,2430.88,2435.69
2025-02-04 20:00:00,2435.69,2441.27,2434.81,2436.59
2025-02-05 00:00:00,2436.59,2438.36,2434.41,2435.08
2025-02-05 04:00:00,2435.08,2439.35,2434.29,2437.50
2025-02-05 08:00:00,2437.50,2444.49,2433.62,2440.20
2025-02-05 12:00:00,2440.20,2449.72,2439.82,2448.33
2025-02-05 16:00:00,2448.33,2451.36,2443.90,2444.93
2025-02-05 20:00:00,2444.93,2446.55,2442.15,2443.66
2025-02-06 00:00:00,2443.66,2446.81,2442.78,2445.13
2025-02-06 04:00:00,2445.13,2446.16,2435.32,2438.11
2025-02-06 08:00:00,2438.11,2444.92,2434.13,2443.11
2025-02-06 12:00:00,2443.11,2443.33,2429.65,2432.64
2025-02-06 16:00:00,2432.64,2437.91,2430.98,2437.35
2025-02-06 20:00:00,2437.35,2443.68,2435.88,2443.33
2025-02-07 00:00:00,2443.33,2444.81,2441.01,2441.23
2025-02-07 04:00:00,2441.23,2443.50,2439.41,2441.87
2025-02-07 08:00:00,2441.87,2445.21,2436.59,2440.30
2025-02-07 12:00:00,2440.30,2441.49,2428.31,2430.05
2025-02-07 16:00:00,2430.05,2433.54,2422.79,2423.08
2025-02-07 20:00:00,2423.08,2428.72,2422.37,2428.07
2025-02-10 00:00:00,2428.07,2428.43,2422.39,2423.98
2025-02-10 04:00:00,2423.98,2425.57,2419.97,2421.14
2025-02-10 08:00:00,2421.14,2422.41,2412.35,2417.69
2025-02-10 12:00:00,2417.69,2421.04,2413.50,2420.57
2025-02-10 16:00:00,2420.57,2421.42,2414.14,2420.65
2025-02-10 20:00:00,2420.65,2421.24,2416.98,2418.31
2025-02-11 00:00:00,2418.31,2424.30,2417.59,2423.55
2025-02-11 04:00:00,2423.55,2423.88,2418.22,2422.34
2025-02-11 08:00:00,2422.34,2427.36,2420.58,2423.87
2025-02-11 12:00:00,2423.87,2424.54,2415.12,2418.43
2025-02-11 16:00:00,2418.43,2424.87,2416.96,2419.18
2025-02-11 20:00:00,2419.18,2420.56,2415.18,2416.68
2025-02-12 00:00:00,2416.68,2419.10,2415.03,2418.84
2025-02-12 04:00:00,2418.84,2419.38,2413.27,2417.93
2025-02-12 08:00:00,2417.93,2432.22,2413.62,2430.96
2025-02-12 12:00:00,2430.96,2432.11,2420.24,2422.37
2025-02-12 16:00:00,2422.37,2426.30,2420.17,2424.87
2025-02-12 20:00:00,2424.87,2427.98,2422.42,2423.73
2025-02-13 00:00:00,2423.73,2425.20,2421.41,2423.06
2025-02-13 04:00:00,2423.06,2424.90,2418.12,2418.70
2025-02-13 08:00:00,2418.70,2423.05,2416.90,2418.82
2025-02-13 12:00:00,2418.82,2422.69,2413.72,2415.89
2025-02-13 16:00:00,2415.89,2420.50,2411.82,2412.18
2025-02-13 20:00:00,2412.18,2412.78,2407.59,2407.79
2025-02-14 00:00:00,2407.79,2409.21,2405.90,2407.35
2025-02-14 04:00:00,2407.35,2410.37,2405.32,2406.98
2025-02-14 08:00:00,2406.98,2409.20,2396.91,2400.64
2025-02-14 12:00:00,2400.64,2401.96,2391.53,2392.06
2025-02-14 16:00:00,2392.06,2395.19,2387.67,2393.49
2025-02-14 20:00:00,2393.49,2395.66,2390.83,2391.62
2025-02-17 00:00:00,2391.62,2391.70,2387.64,2389.91
2025-02-17 04:00:00,2389.91,2392.54,2387.48,2388.38
2025-02-17 08:00:00,2388.38,2398.51,2388.23,2397.17
2025-02-17 12:00:00,2397.17,2400.56,2393.63,2399.06
2025-02-17 16:00:00,2399.06,2405.53,2397.19,2403.78
2025-02-17 20:00:00,2403.78,2405.76,2397.51,2399.08
2025-02-18 00:00:00,2399.08,2400.68,2397.75,2400.21
2025-02-18 04:00:00,2400.21,2401.97,2397.71,2399.22
2025-02-18 08:00:00,2399.22,2402.83,2391.79,2396.53
2025-02-18 12:00:00,2396.53,2409.07,2395.12,2405.43
2025-02-18 16:00:00,2405.43,2409.68,2404.19,2406.96
2025-02-18 20:00:00,2406.96,2408.54,2403.32,2405.40
2025-02-19 00:00:00,2405.40,2406.76,2404.10,2404.52
2025-02-19 04:00:00,2404.52,2408.83,2402.52,2408.37
2025-02-19 08:00:00,2408.37,2412.68,2396.83,2401.12
2025-02-19 12:00:00,2401.12,2409.39,2398.33,2400.04
2025-02-19 16:00:00,2400.04,2407.93,2399.11,2403.33
2025-02-19 20:00:00,2403.33,2406.29,2400.73,2405.84
2025-02-20 00:00:00,2405.84,2406.77,2403.16,2404.35
2025-02-20 04:00:00,2404.35,2406.27,2401.39,2402.35
2025-02-20 08:00:00,2402.35,2403.75,2393.74,2395.23
2025-02-20 12:00:00,2395.23,2396.01,2389.04,2393.41
2025-02-20 16:00:00,2393.41,2396.21,2391.73,2394.53
2025-02-20 20:00:00,2394.53,2395.22,2386.90,2389.77
2025-02-21 00:00:00,2389.77,2390.18,2386.20,2387.80
2025-02-21 04:00:00,2387.80,2392.86,2386.97,2392.42
2025-02-21 08:00:00,2392.42,2398.13,2390.66,2397.87
2025-02-21 12:00:00,2397.87,2399.85,2389.04,2389.96
2025-02-21 16:00:00,2389.96,2400.25,2388.66,2399.91
2025-02-21 20:00:00,2399.91,2401.33,2397.42,2400.70
2025-02-24 00:00:00,2400.70,2404.16,2399.74,2403.99
2025-02-24 04:00:00,2403.99,2405.12,2398.41,2402.20
2025-02-24 08:00:00,2402.20,2405.95,2398.30,2401.13
2025-02-24 12:00:00,2401.13,2403.14,2396.91,2402.46
2025-02-24 16:00:00,2402.46,2404.06,2394.91,2400.69
2025-02-24 20:00:00,2400.69,2401.25,2396.94,2398.09
2025-02-25 00:00:00,2398.09,2399.22,2395.40,2396.70
2025-02-25 04:00:00,2396.70,2398.86,2392.67,2393.53
2025-02-25 08:00:00,2393.53,2395.73,2385.78,2391.04
2025-02-25 12:00:00,2391.04,2395.42,2387.57,2392.64
2025-02-25 16:00:00,2392.64,2393.27,2387.85,2388.31
2025-02-25 20:00:00,2388.31,2389.42,2384.78,2385.87
2025-02-26 00:00:00,2385.87,2388.79,2385.76,2386.89
2025-02-26 04:00:00,2386.89,2388.88,2383.94,2385.79
2025-02-26 08:00:00,2385.79,2390.06,2383.14,2383.52
2025-02-26 12:00:00,2383.52,2384.43,2369.25,2371.45
2025-02-26 16:00:00,2371.45,2376.56,2367.73,2367.87
2025-02-26 20:00:00,2367.87,2370.92,2367.39,2368.82
2025-02-27 00:00:00,2368.82,2372.18,2367.70,2369.89
2025-02-27 04:00:00,2369.89,2371.48,2363.01,2369.83
2025-02-27 08:00:00,2369.83,2375.57,2366.82,2368.06
2025-02-27 12:00:00,2368.06,2374.22,2365.61,2370.46
2025-02-27 16:00:00,2370.46,2372.04,2367.57,2368.13
2025-02-27 20:00:00,2368.13,2368.97,2365.29,2366.21
2025-02-28 00:00:00,2366.21,2371.48,2365.46,2371.33
2025-02-28 04:00:00,2371.33,2375.35,2366.25,2367.01
2025-02-28 08:00:00,2367.01,2367.89,2357.94,2358.62
2025-02-28 12:00:00,2358.62,2360.78,2343.03,2347.43
2025-02-28 16:00:00,2347.43,2355.28,2346.78,2350.07
2025-02-28 20:00:00,2350.07,2350.66,2343.48,2345.20
2025-03-03 00:00:00,2345.20,2345.82,2339.27,2340.38
2025-03-03 04:00:00,2340.38,2341.04,2335.93,2339.03
2025-03-03 08:00:00,2339.03,2345.39,2337.82,2339.16
2025-03-03 12:00:00,2339.16,2343.79,2335.01,2339.00
2025-03-03 16:00:00,2339.00,2341.42,2337.23,2338.39
2025-03-03 20:00:00,2338.39,2341.75,2337.37,2341.14
2025-03-04 00:00:00,2341.14,2341.80,2338.44,2338.75
2025-03-04 04:00:00,2338.75,2339.58,2335.23,2337.93
2025-03-04 08:00:00,2337.93,2339.38,2333.50,2334.89
2025-03-04 12:00:00,2334.89,2335.03,2323.87,2326.06
2025-03-04 16:00:00,2326.06,2329.89,2324.73,2327.26
2025-03-04 20:00:00,2327.26,2329.66,2325.59,2329.25
2025-03-05 00:00:00,2329.25,2330.91,2327.55,2328.78
2025-03-05 04:00:00,2328.78,2333.68,2327.14,2333.22
2025-03-05 08:00:00,2333.22,2339.68,2331.05,2334.41
2025-03-05 12:00:00,2334.41,2337.63,2330.94,2334.69
2025-03-05 16:00:00,2334.69,2342.70,2333.55,2338.53
2025-03-05 20:00:00,2338.53,2343.22,2338.20,2342.77
2025-03-06 00:00:00,2342.77,2347.49,2342.59,2345.29
2025-03-06 04:00:00,2345.29,2350.27,2343.71,2347.97
2025-03-06 08:00:00,2347.97,2354.37,2346.79,2348.23
2025-03-06 12:00:00,2348.23,2354.53,2346.66,2350.23
2025-03-06 16:00:00,2350.23,2360.66,2348.29,2358.08
2025-03-06 20:00:00,2358.08,2359.47,2354.38,2357.76
2025-03-07 00:00:00,2357.76,2361.17,2357.31,2357.65
2025-03-07 04:00:00,2357.65,2360.44,2355.27,2357.86
2025-03-07 08:00:00,2357.86,2364.21,2349.79,2353.81
2025-03-07 12:00:00,2353.81,2363.97,2350.83,2361.56
2025-03-07 16:00:00,2361.56,2363.13,2356.91,2361.36
2025-03-07 20:00:00,2361.36,2362.77,2358.80,2358.93
2025-03-10 00:00:00,2358.93,2364.89,2358.82,2364.52
2025-03-10 04:00:00,2364.52,2364.83,2360.56,2363.58
2025-03-10 08:00:00,2363.58,2370.92,2361.30,2367.77
2025-03-10 12:00:00,2367.77,2372.43,2360.95,2364.05
2025-03-10 16:00:00,2364.05,2364.41,2357.99,2363.65
2025-03-10 20:00:00,2363.65,2368.35,2362.11,2365.67
2025-03-11 00:00:00,2365.67,2369.79,2365.00,2368.71
2025-03-11 04:00:00,2368.71,2377.17,2368.55,2375.39
2025-03-11 08:00:00,2375.39,2382.66,2373.99,2375.80
2025-03-11 12:00:00,2375.80,2386.07,2374.45,2385.04
2025-03-11 16:00:00,2385.04,2385.58,2378.01,2384.10
2025-03-11 20:00:00,2384.10,2387.47,2383.29,2386.21
2025-03-12 00:00:00,2386.21,2386.67,2381.44,2382.01
2025-03-12 04:00:00,2382.01,2386.44,2381.67,2385.36
2025-03-12 08:00:00,2385.36,2388.35,2381.99,2385.18
2025-03-12 12:00:00,2385.18,2394.31,2383.02,2391.59
2025-03-12 16:00:00,2391.59,2395.46,2388.15,2394.90
2025-03-12 20:00:00,2394.90,2397.73,2392.65,2393.10
2025-03-13 00:00:00,2393.10,2394.43,2391.65,2392.48
2025-03-13 04:00:00,2392.48,2395.98,2391.49,2392.83
2025-03-13 08:00:00,2392.83,2394.91,2383.24,2383.84
2025-03-13 12:00:00,2383.84,2388.58,2377.87,2380.20
2025-03-13 16:00:00,2380.20,2389.35,2378.92,2387.94
2025-03-13 20:00:00,2387.94,2388.44,2382.72,2384.91
2025-03-14 00:00:00,2384.91,2392.53,2384.16,2391.61
2025-03-14 04:00:00,2391.61,2396.74,2390.96,2391.34
2025-03-14 08:00:00,2391.34,2393.92,2387.34,2388.91
2025-03-14 12:00:00,2388.91,2397.53,2386.95,2396.61
2025-03-14 16:00:00,2396.61,2403.41,2392.83,2401.15
2025-03-14 20:00:00,2401.15,2402.04,2397.89,2398.07
2025-03-17 00:00:00,2398.07,2399.95,2396.15,2396.90
2025-03-17 04:00:00,2396.90,2398.95,2393.98,2396.29
2025-03-17 08:00:00,2396.29,2396.89,2383.81,2385.50
2025-03-17 12:00:00,2385.50,2391.60,2380.22,2391.17
2025-03-17 16:00:00,2391.17,2398.62,2390.52,2397.31
2025-03-17 20:00:00,2397.31,2397.50,2390.29,2391.84
2025-03-18 00:00:00,2391.84,2394.04,2389.84,2392.20
2025-03-18 04:00:00,2392.20,2392.59,2384.34,2385.13
2025-03-18 08:00:00,2385.13,2390.03,2382.92,2387.64
2025-03-18 12:00:00,2387.64,2393.98,2384.63,2387.63
2025-03-18 16:00:00,2387.63,2391.03,2383.77,2390.38
2025-03-18 20:00:00,2390.38,2392.62,2388.89,2391.40
2025-03-19 00:00:00,2391.40,2393.66,2390.24,2393.42
2025-03-19 04:00:00,2393.42,2397.09,2389.46,2392.73
2025-03-19 08:00:00,2392.73,2398.34,2388.54,2397.04
2025-03-19 12:00:00,2397.04,2399.28,2393.86,2397.12
2025-03-19 16:00:00,2397.12,2401.31,2394.19,2400.85
2025-03-19 20:00:00,2400.85,2403.53,2398.80,2402.53
2025-03-20 00:00:00,2402.53,2402.67,2398.32,2401.47
2025-03-20 04:00:00,2401.47,2407.17,2400.32,2406.81
2025-03-20 08:00:00,2406.81,2416.00,2406.37,2415.00
2025-03-20 12:00:00,2415.00,2419.19,2411.58,2412.06
2025-03-20 16:00:00,2412.06,2420.64,2411.69,2419.33
2025-03-20 20:00:00,2419.33,2420.80,2414.34,2414.42
2025-03-21 00:00:00,2414.42,2415.01,2411.65,2413.14
2025-03-21 04:00:00,2413.14,2416.93,2412.65,2415.96
2025-03-21 08:00:00,2415.96,2419.24,2413.21,2416.32
2025-03-21 12:00:00,2416.32,2417.44,2407.72,2412.51
2025-03-21 16:00:00,2412.51,2421.90,2411.53,2419.99
2025-03-21 20:00:00,2419.99,2422.76,2418.04,2422.60
2025-03-24 00:00:00,2422.60,2424.51,2421.59,2421.91
2025-03-24 04:00:00,2421.91,2422.93,2413.00,2414.06
2025-03-24 08:00:00,2414.06,2420.32,2406.33,2410.19
2025-03-24 12:00:00,2410.19,2415.99,2407.65,2412.90
2025-03-24 16:00:00,2412.90,2413.29,2407.87,2409.17
2025-03-24 20:00:00,2409.17,2411.53,2405.40,2408.74
2025-03-25 00:00:00,2408.74,2409.15,2405.62,2405.87
2025-03-25 04:00:00,2405.87,2410.48,2404.88,2408.10
2025-03-25 08:00:00,2408.10,2413.81,2403.50,2409.05
2025-03-25 12:00:00,2409.05,2412.12,2400.50,2405.08
2025-03-25 16:00:00,2405.08,2409.32,2401.19,2406.42
2025-03-25 20:00:00,2406.42,2406.72,2403.05,2403.36
2025-03-26 00:00:00,2403.36,2403.79,2398.60,2400.51
2025-03-26 04:00:00,2400.51,2401.35,2395.56,2396.47
2025-03-26 08:00:00,2396.47,2400.26,2394.07,2397.96
2025-03-26 12:00:00,2397.96,2400.48,2391.43,2394.38
2025-03-26 16:00:00,2394.38,2399.32,2391.69,2394.80
2025-03-26 20:00:00,2394.80,2396.03,2384.02,2386.56
2025-03-27 00:00:00,2386.56,2388.85,2381.91,2382.72
2025-03-27 04:00:00,2382.72,2387.37,2381.92,2384.64
2025-03-27 08:00:00,2384.64,2396.20,2384.51,2392.48
2025-03-27 12:00:00,2392.48,2405.08,2392.24,2396.60
2025-03-27 16:00:00,2396.60,2403.50,2393.17,2402.78
2025-03-27 20:00:00,2402.78,2409.08,2401.39,2408.70
2025-03-28 00:00:00,2408.70,2409.96,2406.69,2408.86
2025-03-28 04:00:00,2408.86,2413.93,2404.78,2405.97
2025-03-28 08:00:00,2405.97,2407.17,2395.37,2398.65
2025-03-28 12:00:00,2398.65,2402.91,2394.95,2402.33
2025-03-28 16:00:00,2402.33,2409.64,2401.65,2407.47
2025-03-28 20:00:00,2407.47,2410.72,2404.65,2405.20
2025-03-31 00:00:00,2405.20,2405.58,2402.54,2404.05
2025-03-31 04:00:00,2404.05,2409.60,2397.73,2399.96
2025-03-31 08:00:00,2399.96,2407.08,2398.43,2401.92
2025-03-31 12:00:00,2401.92,2418.72,2399.50,2417.99
2025-03-31 16:00:00,2417.99,2419.64,2413.11,2417.43
2025-03-31 20:00:00,2417.43,2423.58,2416.28,2417.85
2025-04-01 00:00:00,2417.85,2421.91,2417.28,2420.32
2025-04-01 04:00:00,2420.32,2426.03,2419.58,2425.57
2025-04-01 08:00:00,2425.57,2426.72,2416.37,2422.01
2025-04-01 12:00:00,2422.01,2422.77,2408.29,2411.90
2025-04-01 16:00:00,2411.90,2417.30,2410.71,2413.75
2025-04-01 20:00:00,2413.75,2417.66,2410.68,2411.02
2025-04-02 00:00:00,2411.02,2415.54,2410.38,2415.11
2025-04-02 04:00:00,2415.11,2415.84,2406.71,2408.03
2025-04-02 08:00:00,2408.03,2421.20,2403.77,2419.76
2025-04-02 12:00:00,2419.76,2421.88,2415.78,2419.57
2025-04-02 16:00:00,2419.57,2420.17,2413.50,2416.40
2025-04-02 20:00:00,2416.40,2424.22,2415.67,2421.33
2025-04-03 00:00:00,2421.33,2421.69,2417.82,2420.74
2025-04-03 04:00:00,2420.74,2426.39,2420.64,2426.17
2025-04-03 08:00:00,2426.17,2429.23,2417.19,2420.66
2025-04-03 12:00:00,2420.66,2433.31,2419.52,2432.16
2025-04-03 16:00:00,2432.16,2435.13,2428.05,2429.93
2025-04-03 20:00:00,2429.93,2439.53,2428.87,2438.99
2025-04-04 00:00:00,2438.99,2440.67,2437.99,2440.13
2025-04-04 04:00:00,2440.13,2442.10,2434.41,2435.59
2025-04-04 08:00:00,2435.59,2436.29,2424.59,2429.51
2025-04-04 12:00:00,2429.51,2433.83,2422.77,2428.29
2025-04-04 16:00:00,2428.29,2431.47,2416.33,2416.75
2025-04-04 20:00:00,2416.75,2420.04,2416.13,2416.73
2025-04-07 00:00:00,2416.73,2418.52,2415.18,2417.98
2025-04-07 04:00:00,2417.98,2419.58,2415.75,2416.06
2025-04-07 08:00:00,2416.06,2420.12,2412.31,2416.00
2025-04-07 12:00:00,2416.00,2424.13,2414.23,2420.00
2025-04-07 16:00:00,2420.00,2427.08,2419.06,2425.60
2025-04-07 20:00:00,2425.60,2433.53,2424.60,2433.21
2025-04-08 00:00:00,2433.21,2436.96,2431.48,2436.35
2025-04-08 04:00:00,2436.35,2440.61,2435.83,2438.28
2025-04-08 08:00:00,2438.28,2438.53,2425.81,2427.37
2025-04-08 12:00:00,2427.37,2443.34,2426.47,2438.51
2025-04-08 16:00:00,2438.51,2445.58,2436.86,2444.78
2025-04-08 20:00:00,2444.78,2451.07,2444.26,2449.79
2025-04-09 00:00:00,2449.79,2451.46,2446.92,2449.81
2025-04-09 04:00:00,2449.81,2456.69,2448.35,2449.58
2025-04-09 08:00:00,2449.58,2449.94,2426.10,2427.80
2025-04-09 12:00:00,2427.80,2430.28,2417.69,2419.98
2025-04-09 16:00:00,2419.98,2423.44,2416.36,2421.54
2025-04-09 20:00:00,2421.54,2422.59,2417.73,2422.28
2025-04-10 00:00:00,2422.28,2423.58,2418.54,2420.64
2025-04-10 04:00:00,2420.64,2422.13,2417.54,2420.69
2025-04-10 08:00:00,2420.69,2426.32,2416.68,2426.19
2025-04-10 12:00:00,2426.19,2431.24,2422.98,2425.88
2025-04-10 16:00:00,2425.88,2427.66,2422.10,2426.41
2025-04-10 20:00:00,2426.41,2429.23,2425.28,2426.82
2025-04-11 00:00:00,2426.82,2427.77,2424.95,2426.22
2025-04-11 04:00:00,2426.22,2426.34,2422.33,2423.55
2025-04-11 08:00:00,2423.55,2425.74,2409.19,2412.16
2025-04-11 12:00:00,2412.16,2413.12,2396.26,2398.32
2025-04-11 16:00:00,2398.32,2400.61,2392.50,2395.37
2025-04-11 20:00:00,2395.37,2395.89,2390.61,2392.15
2025-04-14 00:00:00,2392.15,2395.41,2390.72,2394.22
2025-04-14 04:00:00,2394.22,2394.60,2390.63,2392.14
2025-04-14 08:00:00,2392.14,2401.26,2389.67,2400.22
2025-04-14 12:00:00,2400.22,2403.07,2393.94,2394.94
2025-04-14 16:00:00,2394.94,2396.77,2385.90,2386.47
2025-04-14 20:00:00,2386.47,2391.99,2386.20,2390.07
2025-04-15 00:00:00,2390.07,2391.01,2387.02,2388.74
2025-04-15 04:00:00,2388.74,2389.35,2384.08,2387.07
2025-04-15 08:00:00,2387.07,2388.19,2377.37,2382.88
2025-04-15 12:00:00,2382.88,2389.54,2381.14,2388.81
2025-04-15 16:00:00,2388.81,2393.60,2385.84,2390.02
2025-04-15 20:00:00,2390.02,2392.54,2387.16,2387.25
2025-04-16 00:00:00,2387.25,2390.10,2386.05,2386.15
2025-04-16 04:00:00,2386.15,2386.46,2383.13,2385.20
2025-04-16 08:00:00,2385.20,2398.98,2385.09,2392.24
2025-04-16 12:00:00,2392.24,2395.12,2383.44,2388.19
2025-04-16 16:00:00,2388.19,2389.71,2382.50,2383.10
2025-04-16 20:00:00,2383.10,2387.17,2382.73,2384.70
2025-04-17 00:00:00,2384.70,2387.04,2381.34,2386.62
2025-04-17 04:00:00,2386.62,2389.13,2384.95,2385.21
2025-04-17 08:00:00,2385.21,2389.10,2383.71,2387.82
2025-04-17 12:00:00,2387.82,2389.08,2380.19,2388.90
2025-04-17 16:00:00,2388.90,2389.42,2383.67,2388.81
2025-04-17 20:00:00,2388.81,2390.43,2384.26,2386.87
2025-04-18 00:00:00,2386.87,2388.96,2385.57,2387.11
2025-04-18 04:00:00,2387.11,2388.08,2380.32,2384.49
2025-04-18 08:00:00,2384.49,2386.01,2373.50,2375.20
2025-04-18 12:00:00,2375.20,2378.64,2370.77,2374.50
2025-04-18 16:00:00,2374.50,2380.09,2371.53,2379.63
2025-04-18 20:00:00,2379.63,2381.04,2370.70,2372.05
2025-04-21 00:00:00,2372.05,2375.00,2370.55,2374.49
2025-04-21 04:00:00,2374.49,2384.29,2374.39,2383.91
2025-04-21 08:00:00,2383.91,2384.64,2375.78,2378.20
2025-04-21 12:00:00,2378.20,2385.04,2376.92,2380.48
2025-04-21 16:00:00,2380.48,2383.45,2372.72,2372.87
2025-04-21 20:00:00,2372.87,2373.24,2364.53,2366.08
2025-04-22 00:00:00,2366.08,2367.68,2363.88,2364.11
2025-04-22 04:00:00,2364.11,2365.73,2361.57,2361.88
2025-04-22 08:00:00,2361.88,2373.17,2361.38,2364.30
2025-04-22 12:00:00,2364.30,2373.26,2360.73,2369.92
2025-04-22 16:00:00,2369.92,2371.83,2358.81,2361.32
2025-04-22 20:00:00,2361.32,2365.07,2360.86,2363.06
2025-04-23 00:00:00,2363.06,2364.78,2357.68,2359.00
2025-04-23 04:00:00,2359.00,2365.43,2358.43,2361.60
2025-04-23 08:00:00,2361.60,2369.63,2355.29,2355.82
2025-04-23 12:00:00,2355.82,2366.35,2354.35,2364.97
2025-04-23 16:00:00,2364.97,2378.55,2361.88,2374.89
2025-04-23 20:00:00,2374.89,2381.00,2372.75,2380.02
2025-04-24 00:00:00,2380.02,2383.62,2377.47,2382.54
2025-04-24 04:00:00,2382.54,2383.57,2377.59,2380.35
2025-04-24 08:00:00,2380.35,2380.77,2370.34,2373.32
2025-04-24 12:00:00,2373.32,2375.20,2369.56,2373.36
2025-04-24 16:00:00,2373.36,2374.86,2368.50,2370.64
2025-04-24 20:00:00,2370.64,2372.19,2369.33,2369.64
2025-04-25 00:00:00,2369.64,2372.19,2367.25,2370.22
2025-04-25 04:00:00,2370.22,2373.11,2367.85,2367.93
2025-04-25 08:00:00,2367.93,2376.15,2364.98,2374.96
2025-04-25 12:00:00,2374.96,2379.08,2371.08,2377.38
2025-04-25 16:00:00,2377.38,2379.68,2371.43,2377.16
2025-04-25 20:00:00,2377.16,2381.84,2375.62,2380.15
2025-04-28 00:00:00,2380.15,2383.32,2379.73,2382.89
2025-04-28 04:00:00,2382.89,2385.44,2379.51,2383.03
2025-04-28 08:00:00,2383.03,2385.83,2374.73,2381.14
2025-04-28 12:00:00,2381.14,2389.50,2379.89,2383.38
2025-04-28 16:00:00,2383.38,2387.26,2375.97,2379.88
2025-04-28 20:00:00,2379.88,2384.25,2377.66,2378.71
2025-04-29 00:00:00,2378.71,2379.07,2374.76,2375.58
2025-04-29 04:00:00,2375.58,2379.28,2375.33,2376.91
2025-04-29 08:00:00,2376.91,2382.84,2373.61,2376.59
2025-04-29 12:00:00,2376.59,2382.51,2374.65,2379.10
2025-04-29 16:00:00,2379.10,2391.41,2378.76,2385.96
2025-04-29 20:00:00,2385.96,2395.08,2385.19,2394.04
2025-04-30 00:00:00,2394.04,2395.29,2392.42,2392.75
2025-04-30 04:00:00,2392.75,2394.08,2391.21,2391.65
2025-04-30 08:00:00,2391.65,2392.40,2385.44,2387.81
2025-04-30 12:00:00,2387.81,2396.75,2386.70,2394.87
2025-04-30 16:00:00,2394.87,2401.78,2394.49,2400.78
2025-04-30 20:00:00,2400.78,2403.34,2398.44,2402.81
2025-05-01 00:00:00,2402.81,2404.63,2401.04,2402.00
2025-05-01 04:00:00,2402.00,2403.13,2399.45,2400.19
2025-05-01 08:00:00,2400.19,2404.95,2396.02,2404.74
2025-05-01 12:00:00,2404.74,2408.51,2392.18,2393.55
2025-05-01 16:00:00,2393.55,2398.25,2389.35,2396.97
2025-05-01 20:00:00,2396.97,2401.61,2393.02,2394.85
2025-05-02 00:00:00,2394.85,2398.36,2393.49,2397.23
2025-05-02 04:00:00,2397.23,2399.01,2392.60,2393.63
2025-05-02 08:00:00,2393.63,2395.52,2385.57,2391.97
2025-05-02 12:00:00,2391.97,2405.24,2391.00,2403.63
2025-05-02 16:00:00,2403.63,2411.14,2403.02,2409.81
2025-05-02 20:00:00,2409.81,2411.38,2408.13,2410.30
2025-05-05 00:00:00,2410.30,2413.31,2408.44,2413.05
2025-05-05 04:00:00,2413.05,2415.13,2406.50,2406.62
2025-05-05 08:00:00,2406.62,2411.87,2401.67,2409.88
2025-05-05 12:00:00,2409.88,2417.02,2406.24,2413.15
2025-05-05 16:00:00,2413.15,2419.74,2410.60,2413.69
2025-05-05 20:00:00,2413.69,2414.32,2410.54,2413.69
2025-05-06 00:00:00,2413.69,2414.49,2411.52,2412.01
2025-05-06 04:00:00,2412.01,2416.06,2410.44,2413.78
2025-05-06 08:00:00,2413.78,2418.20,2407.81,2408.38
2025-05-06 12:00:00,2408.38,2413.09,2403.99,2405.93
2025-05-06 16:00:00,2405.93,2407.22,2401.38,2402.41
2025-05-06 20:00:00,2402.41,2403.38,2396.27,2400.72
2025-05-07 00:00:00,2400.72,2401.62,2396.72,2397.89
2025-05-07 04:00:00,2397.89,2402.10,2396.86,2399.29
2025-05-07 08:00:00,2399.29,2399.53,2391.00,2394.24
2025-05-07 12:00:00,2394.24,2394.82,2371.47,2371.75
2025-05-07 16:00:00,2371.75,2374.83,2367.52,2373.68
2025-05-07 20:00:00,2373.68,2374.44,2371.06,2372.37
2025-05-08 00:00:00,2372.37,2374.05,2370.88,2373.24
2025-05-08 04:00:00,2373.24,2373.71,2365.56,2366.29
2025-05-08 08:00:00,2366.29,2371.00,2358.75,2360.55
2025-05-08 12:00:00,2360.55,2368.94,2359.76,2364.18
2025-05-08 16:00:00,2364.18,2368.55,2362.00,2368.12
2025-05-08 20:00:00,2368.12,2369.72,2362.23,2362.99
2025-05-09 00:00:00,2362.99,2365.83,2362.27,2362.92
2025-05-09 04:00:00,2362.92,2363.99,2356.58,2357.21
2025-05-09 08:00:00,2357.21,2367.19,2356.33,2359.35
2025-05-09 12:00:00,2359.35,2364.87,2353.92,2363.82
2025-05-09 16:00:00,2363.82,2369.69,2363.38,2367.59
2025-05-09 20:00:00,2367.59,2373.47,2366.05,2372.62
2025-05-12 00:00:00,2372.62,2373.73,2371.14,2371.39
2025-05-12 04:00:00,2371.39,2378.21,2371.26,2374.41
2025-05-12 08:00:00,2374.41,2386.27,2373.60,2384.53
2025-05-12 12:00:00,2384.53,2388.32,2379.05,2386.30
2025-05-12 16:00:00,2386.30,2393.63,2385.65,2392.15
2025-05-12 20:00:00,2392.15,2394.50,2388.98,2389.95
2025-05-13 00:00:00,2389.95,2391.03,2388.05,2388.56
2025-05-13 04:00:00,2388.56,2389.33,2379.42,2383.17
2025-05-13 08:00:00,2383.17,2386.46,2379.59,2380.98
2025-05-13 12:00:00,2380.98,2386.12,2376.59,2378.02
2025-05-13 16:00:00,2378.02,2380.42,2372.29,2375.43
2025-05-13 20:00:00,2375.43,2378.90,2373.84,2374.62
2025-05-14 00:00:00,2374.62,2378.09,2373.43,2374.27
2025-05-14 04:00:00,2374.27,2380.83,2373.17,2380.17
2025-05-14 08:00:00,2380.17,2386.79,2376.94,2378.71
2025-05-14 12:00:00,2378.71,2386.03,2376.77,2380.65
2025-05-14 16:00:00,2380.65,2383.70,2377.73,2378.67
2025-05-14 20:00:00,2378.67,2382.10,2377.85,2380.43
2025-05-15 00:00:00,2380.43,2381.36,2376.92,2379.76
2025-05-15 04:00:00,2379.76,2382.55,2376.63,2381.49
2025-05-15 08:00:00,2381.49,2382.45,2373.45,2374.60
2025-05-15 12:00:00,2374.60,2379.86,2369.54,2376.63
2025-05-15 16:00:00,2376.63,2379.39,2371.49,2376.74
2025-05-15 20:00:00,2376.74,2379.39,2373.41,2375.12
2025-05-16 00:00:00,2375.12,2378.12,2373.68,2377.33
2025-05-16 04:00:00,2377.33,2378.78,2367.41,2369.30
2025-05-16 08:00:00,2369.30,2384.00,2368.11,2379.99
2025-05-16 12:00:00,2379.99,2380.71,2372.20,2372.59
2025-05-16 16:00:00,2372.59,2379.80,2372.03,2375.25
2025-05-16 20:00:00,2375.25,2377.32,2370.12,2376.40
2025-05-19 00:00:00,2376.40,2379.63,2376.31,2378.67
2025-05-19 04:00:00,2378.67,2384.57,2378.05,2384.22
2025-05-19 08:00:00,2384.22,2387.65,2379.06,2385.21
2025-05-19 12:00:00,2385.21,2396.15,2385.08,2390.52
2025-05-19 16:00:00,2390.52,2403.40,2387.53,2402.62
2025-05-19 20:00:00,2402.62,2405.62,2400.27,2404.71
2025-05-20 00:00:00,2404.71,2408.16,2403.94,2404.26
2025-05-20 04:00:00,2404.26,2406.62,2401.13,2404.74
2025-05-20 08:00:00,2404.74,2407.43,2397.05,2406.10
2025-05-20 12:00:00,2406.10,2408.08,2393.25,2397.27
2025-05-20 16:00:00,2397.27,2404.11,2396.79,2401.07
2025-05-20 20:00:00,2401.07,2405.17,2397.98,2398.36
2025-05-21 00:00:00,2398.36,2400.25,2396.16,2396.48
2025-05-21 04:00:00,2396.48,2399.94,2393.95,2397.16
2025-05-21 08:00:00,2397.16,2408.05,2393.59,2407.28
2025-05-21 12:00:00,2407.28,2413.80,2401.60,2408.70
2025-05-21 16:00:00,2408.70,2416.88,2406.84,2414.12
2025-05-21 20:00:00,2414.12,2419.56,2413.23,2419.14
2025-05-22 00:00:00,2419.14,2419.91,2415.98,2418.27
2025-05-22 04:00:00,2418.27,2421.02,2418.00,2420.44
2025-05-22 08:00:00,2420.44,2423.82,2416.71,2419.77
2025-05-22 12:00:00,2419.77,2426.08,2414.64,2421.06
2025-05-22 16:00:00,2421.06,2422.12,2413.51,2414.74
2025-05-22 20:00:00,2414.74,2418.48,2413.71,2417.33
2025-05-23 00:00:00,2417.33,2423.42,2416.45,2421.87
2025-05-23 04:00:00,2421.87,2425.91,2419.98,2421.47
2025-05-23 08:00:00,2421.47,2424.68,2418.67,2424.37
2025-05-23 12:00:00,2424.37,2426.85,2419.38,2424.64
2025-05-23 16:00:00,2424.64,2426.68,2419.85,2423.86
2025-05-23 20:00:00,2423.86,2426.71,2421.56,2425.92
2025-05-26 00:00:00,2425.92,2427.29,2424.60,2425.55
2025-05-26 04:00:00,2425.55,2427.17,2422.23,2424.21
2025-05-26 08:00:00,2424.21,2424.70,2412.26,2414.52
2025-05-26 12:00:00,2414.52,2420.82,2410.98,2412.14
2025-05-26 16:00:00,2412.14,2412.36,2407.29,2409.15
2025-05-26 20:00:00,2409.15,2411.78,2406.95,2411.59
2025-05-27 00:00:00,2411.59,2414.16,2409.30,2413.18
2025-05-27 04:00:00,2413.18,2415.80,2410.96,2411.95
2025-05-27 08:00:00,2411.95,2421.64,2408.28,2420.48
2025-05-27 12:00:00,2420.48,2428.09,2417.24,2427.87
2025-05-27 16:00:00,2427.87,2430.76,2423.62,2424.51
2025-05-27 20:00:00,2424.51,2430.82,2424.25,2429.64
2025-05-28 00:00:00,2429.64,2434.74,2428.88,2434.31
2025-05-28 04:00:00,2434.31,2435.33,2429.45,2431.57
2025-05-28 08:00:00,2431.57,2435.54,2426.25,2432.60
2025-05-28 12:00:00,2432.60,2437.37,2429.32,2432.35
2025-05-28 16:00:00,2432.35,2434.40,2429.59,2431.43
2025-05-28 20:00:00,2431.43,2435.45,2428.20,2430.53
2025-05-29 00:00:00,2430.53,2431.16,2428.34,2430.77
2025-05-29 04:00:00,2430.77,2431.05,2423.42,2424.48
2025-05-29 08:00:00,2424.48,2429.15,2419.19,2425.61
2025-05-29 12:00:00,2425.61,2435.18,2422.90,2435.07
2025-05-29 16:00:00,2435.07,2437.78,2426.94,2432.04
2025-05-29 20:00:00,2432.04,2434.39,2428.10,2431.44
2025-05-30 00:00:00,2431.44,2434.93,2428.11,2434.67
2025-05-30 04:00:00,2434.67,2439.06,2433.48,2434.63
2025-05-30 08:00:00,2434.63,2439.15,2431.96,2436.91
2025-05-30 12:00:00,2436.91,2451.17,2436.08,2447.38
2025-05-30 16:00:00,2447.38,2455.46,2445.13,2453.96
2025-05-30 20:00:00,2453.96,2455.00,2449.51,2454.08
2025-06-02 00:00:00,2454.08,2455.18,2450.71,2452.68
2025-06-02 04:00:00,2452.68,2453.20,2446.50,2449.42
2025-06-02 08:00:00,2449.42,2458.13,2448.97,2457.25
2025-06-02 12:00:00,2457.25,2463.02,2454.13,2459.92
2025-06-02 16:00:00,2459.92,2460.04,2450.29,2452.99
2025-06-02 20:00:00,2452.99,2455.34,2451.04,2452.65
2025-06-03 00:00:00,2452.65,2456.05,2451.58,2455.43
2025-06-03 04:00:00,2455.43,2455.59,2451.54,2454.11
2025-06-03 08:00:00,2454.11,2460.48,2448.49,2453.67
2025-06-03 12:00:00,2453.67,2457.45,2446.66,2452.36
2025-06-03 16:00:00,2452.36,2456.60,2446.23,2447.53
2025-06-03 20:00:00,2447.53,2452.09,2447.05,2448.78
2025-06-04 00:00:00,2448.78,2449.26,2444.33,2447.07
2025-06-04 04:00:00,2447.07,2448.08,2436.70,2439.25
2025-06-04 08:00:00,2439.25,2449.96,2438.80,2447.35
2025-06-04 12:00:00,2447.35,2449.98,2435.77,2438.88
2025-06-04 16:00:00,2438.88,2440.95,2435.44,2436.65
2025-06-04 20:00:00,2436.65,2437.65,2433.85,2435.37
2025-06-05 00:00:00,2435.37,2436.20,2432.00,2432.22
2025-06-05 04:00:00,2432.22,2436.59,2430.83,2436.01
2025-06-05 08:00:00,2436.01,2436.99,2424.09,2427.92
2025-06-05 12:00:00,2427.92,2433.96,2427.51,2432.42
2025-06-05 16:00:00,2432.42,2437.09,2428.21,2435.32
2025-06-05 20:00:00,2435.32,2441.04,2434.74,2439.72
2025-06-06 00:00:00,2439.72,2443.02,2438.55,2441.94
2025-06-06 04:00:00,2441.94,2442.04,2436.02,2438.59
2025-06-06 08:00:00,2438.59,2449.56,2438.24,2444.98
2025-06-06 12:00:00,2444.98,2448.37,2439.24,2445.70
2025-06-06 16:00:00,2445.70,2448.66,2443.44,2445.22
2025-06-06 20:00:00,2445.22,2450.88,2443.85,2447.61
2025-06-09 00:00:00,2447.61,2449.80,2444.89,2448.67
2025-06-09 04:00:00,2448.67,2450.10,2443.71,2447.13
2025-06-09 08:00:00,2447.13,2454.20,2443.05,2450.15
2025-06-09 12:00:00,2450.15,2451.17,2438.54,2441.20
2025-06-09 16:00:00,2441.20,2448.40,2439.20,2444.94
2025-06-09 20:00:00,2444.94,2446.33,2439.02,2440.43
2025-06-10 00:00:00,2440.43,2440.71,2436.15,2437.09
2025-06-10 04:00:00,2437.09,2437.27,2434.37,2435.80
2025-06-10 08:00:00,2435.80,2439.59,2430.59,2435.50
2025-06-10 12:00:00,2435.50,2442.51,2434.54,2439.88
2025-06-10 16:00:00,2439.88,2440.77,2433.79,2440.05
2025-06-10 20:00:00,2440.05,2443.51,2437.96,2438.42
2025-06-11 00:00:00,2438.42,2443.69,2438.17,2441.51
2025-06-11 04:00:00,2441.51,2442.12,2437.22,2437.89
2025-06-11 08:00:00,2437.89,2439.00,2424.62,2428.41
2025-06-11 12:00:00,2428.41,2436.32,2427.30,2435.89
2025-06-11 16:00:00,2435.89,2437.29,2429.99,2433.60
2025-06-11 20:00:00,2433.60,2435.83,2429.94,2434.79
2025-06-12 00:00:00,2434.79,2439.09,2434.25,2437.57
2025-06-12 04:00:00,2437.57,2444.69,2436.65,2441.86
2025-06-12 08:00:00,2441.86,2447.29,2438.19,2439.90
2025-06-12 12:00:00,2439.90,2440.16,2430.99,2435.48
2025-06-12 16:00:00,2435.48,2439.41,2434.76,2436.11
2025-06-12 20:00:00,2436.11,2440.71,2433.47,2439.92
2025-06-13 00:00:00,2439.92,2442.21,2437.35,2438.39
2025-06-13 04:00:00,2438.39,2439.90,2434.45,2437.93
2025-06-13 08:00:00,2437.93,2453.70,2437.33,2453.12
2025-06-13 12:00:00,2453.12,2465.67,2452.09,2463.64
2025-06-13 16:00:00,2463.64,2472.63,2461.63,2471.51
2025-06-13 20:00:00,2471.51,2473.54,2469.87,2471.69
2025-06-16 00:00:00,2471.69,2473.45,2469.09,2469.71
2025-06-16 04:00:00,2469.71,2474.00,2469.50,2473.81
2025-06-16 08:00:00,2473.81,2481.78,2471.98,2480.67
2025-06-16 12:00:00,2480.67,2486.22,2473.57,2475.78
2025-06-16 16:00:00,2475.78,2478.46,2467.95,2468.32
2025-06-16 20:00:00,2468.32,2470.68,2466.48,2466.95
2025-06-17 00:00:00,2466.95,2467.71,2465.19,2465.95
2025-06-17 04:00:00,2465.95,2467.96,2461.72,2465.83
2025-06-17 08:00:00,2465.83,2467.15,2456.74,2458.81
2025-06-17 12:00:00,2458.81,2467.24,2453.33,2464.82
2025-06-17 16:00:00,2464.82,2465.87,2457.18,2461.32
2025-06-17 20:00:00,2461.32,2461.68,2457.45,2459.23
2025-06-18 00:00:00,2459.23,2461.59,2457.98,2461.37
2025-06-18 04:00:00,2461.37,2461.80,2456.79,2457.71
2025-06-18 08:00:00,2457.71,2460.27,2438.43,2439.00
2025-06-18 12:00:00,2439.00,2439.14,2422.12,2423.24
2025-06-18 16:00:00,2423.24,2424.16,2417.85,2422.22
2025-06-18 20:00:00,2422.22,2423.59,2420.80,2421.92
2025-06-19 00:00:00,2421.92,2422.17,2418.13,2419.34
2025-06-19 04:00:00,2419.34,2422.40,2417.74,2419.06
2025-06-19 08:00:00,2419.06,2423.84,2416.87,2421.21
2025-06-19 12:00:00,2421.21,2427.38,2409.49,2410.46
2025-06-19 16:00:00,2410.46,2415.58,2405.59,2414.81
2025-06-19 20:00:00,2414.81,2414.94,2406.48,2408.12
2025-06-20 00:00:00,2408.12,2410.53,2405.80,2406.15
2025-06-20 04:00:00,2406.15,2407.77,2402.79,2406.69
2025-06-20 08:00:00,2406.69,2413.54,2405.09,2411.25
2025-06-20 12:00:00,2411.25,2416.76,2408.79,2413.70
2025-06-20 16:00:00,2413.70,2416.79,2409.97,2411.27
2025-06-20 20:00:00,2411.27,2411.85,2407.51,2408.28
2025-06-23 00:00:00,2408.28,2410.50,2406.67,2409.55
2025-06-23 04:00:00,2409.55,2416.52,2409.25,2414.94
2025-06-23 08:00:00,2414.94,2420.64,2411.75,2416.49
2025-06-23 12:00:00,2416.49,2421.78,2414.24,2418.91
2025-06-23 16:00:00,2418.91,2420.32,2411.16,2413.45
2025-06-23 20:00:00,2413.45,2413.95,2408.41,2413.39
2025-06-24 00:00:00,2413.39,2415.31,2412.97,2414.03
2025-06-24 04:00:00,2414.03,2417.53,2409.36,2410.91
2025-06-24 08:00:00,2410.91,2419.27,2410.63,2412.41
2025-06-24 12:00:00,2412.41,2420.26,2407.86,2419.53
2025-06-24 16:00:00,2419.53,2421.45,2413.70,2416.27
2025-06-24 20:00:00,2416.27,2421.00,2415.54,2420.11
2025-06-25 00:00:00,2420.11,2421.05,2417.80,2418.14
2025-06-25 04:00:00,2418.14,2422.24,2416.41,2419.85
2025-06-25 08:00:00,2419.85,2422.52,2414.27,2414.42
2025-06-25 12:00:00,2414.42,2415.19,2403.89,2412.96
2025-06-25 16:00:00,2412.96,2417.82,2409.54,2417.33
2025-06-25 20:00:00,2417.33,2419.66,2415.47,2418.00
2025-06-26 00:00:00,2418.00,2420.15,2417.75,2419.38
2025-06-26 04:00:00,2419.38,2426.14,2418.56,2425.25
2025-06-26 08:00:00,2425.25,2432.98,2417.91,2432.51
2025-06-26 12:00:00,2432.51,2435.89,2416.77,2419.58
2025-06-26 16:00:00,2419.58,2421.81,2416.08,2420.87
2025-06-26 20:00:00,2420.87,2422.58,2417.46,2418.77
2025-06-27 00:00:00,2418.77,2422.30,2418.07,2418.19
2025-06-27 04:00:00,2418.19,2419.71,2414.45,2418.07
2025-06-27 08:00:00,2418.07,2423.64,2416.69,2422.24
2025-06-27 12:00:00,2422.24,2428.54,2417.97,2426.53
2025-06-27 16:00:00,2426.53,2430.19,2423.65,2428.66
2025-06-27 20:00:00,2428.66,2430.20,2426.03,2426.98
2025-06-30 00:00:00,2426.98,2429.27,2425.41,2429.00
2025-06-30 04:00:00,2429.00,2433.21,2427.78,2429.73
2025-06-30 08:00:00,2429.73,2439.72,2428.88,2436.69
2025-06-30 12:00:00,2436.69,2443.64,2435.77,2440.71
2025-06-30 16:00:00,2440.71,2448.23,2438.86,2446.81
2025-06-30 20:00:00,2446.81,2449.51,2442.54,2442.76
2025-07-01 00:00:00,2442.76,2443.11,2438.07,2439.47
2025-07-01 04:00:00,2439.47,2446.67,2438.06,2440.13
2025-07-01 08:00:00,2440.13,2442.92,2433.12,2440.60
2025-07-01 12:00:00,2440.60,2454.17,2439.95,2451.34
2025-07-01 16:00:00,2451.34,2453.40,2445.31,2450.75
2025-07-01 20:00:00,2450.75,2453.82,2447.54,2453.57
2025-07-02 00:00:00,2453.57,2453.79,2450.32,2451.23
2025-07-02 04:00:00,2451.23,2451.98,2445.35,2448.99
2025-07-02 08:00:00,2448.99,2450.24,2443.36,2443.51
2025-07-02 12:00:00,2443.51,2448.63,2439.47,2447.17
2025-07-02 16:00:00,2447.17,2450.31,2442.28,2448.46
2025-07-02 20:00:00,2448.46,2454.18,2446.93,2450.68
2025-07-03 00:00:00,2450.68,2451.46,2447.05,2448.97
2025-07-03 04:00:00,2448.97,2449.88,2442.31,2442.84
2025-07-03 08:00:00,2442.84,2448.77,2442.02,2443.91
2025-07-03 12:00:00,2443.91,2450.88,2441.19,2445.28
2025-07-03 16:00:00,2445.28,2446.54,2441.65,2445.08
2025-07-03 20:00:00,2445.08,2445.59,2438.74,2439.17
2025-07-04 00:00:00,2439.17,2444.43,2438.60,2442.44
2025-07-04 04:00:00,2442.44,2449.35,2442.22,2448.03
2025-07-04 08:00:00,2448.03,2466.21,2444.41,2465.20
2025-07-04 12:00:00,2465.20,2471.71,2464.04,2468.21
2025-07-04 16:00:00,2468.21,2473.04,2467.10,2469.00
2025-07-04 20:00:00,2469.00,2473.32,2467.60,2470.99
2025-07-07 00:00:00,2470.99,2472.37,2467.67,2468.73
2025-07-07 04:00:00,2468.73,2470.30,2466.64,2467.61
2025-07-07 08:00:00,2467.61,2475.31,2465.50,2474.65
2025-07-07 12:00:00,2474.65,2481.72,2468.58,2478.76
2025-07-07 16:00:00,2478.76,2484.03,2476.10,2483.05
2025-07-07 20:00:00,2483.05,2485.88,2480.83,2482.68
2025-07-08 00:00:00,2482.68,2482.78,2479.57,2480.43
2025-07-08 04:00:00,2480.43,2484.94,2478.65,2480.76
2025-07-08 08:00:00,2480.76,2488.27,2475.72,2488.02
2025-07-08 12:00:00,2488.02,2495.38,2487.04,2494.17
2025-07-08 16:00:00,2494.17,2501.96,2493.10,2498.67
2025-07-08 20:00:00,2498.67,2505.56,2498.59,2504.17
2025-07-09 00:00:00,2504.17,2511.51,2503.88,2510.58
2025-07-09 04:00:00,2510.58,2514.54,2507.98,2510.94
2025-07-09 08:00:00,2510.94,2511.71,2499.92,2502.76
2025-07-09 12:00:00,2502.76,2511.28,2501.85,2510.09
2025-07-09 16:00:00,2510.09,2514.68,2508.79,2510.77
2025-07-09 20:00:00,2510.77,2513.57,2507.56,2511.80
2025-07-10 00:00:00,2511.80,2512.72,2504.81,2505.01
2025-07-10 04:00:00,2505.01,2507.53,2502.44,2503.13
2025-07-10 08:00:00,2503.13,2511.27,2501.31,2510.42
2025-07-10 12:00:00,2510.42,2510.72,2503.14,2505.67
2025-07-10 16:00:00,2505.67,2506.26,2501.77,2502.40
2025-07-10 20:00:00,2502.40,2502.68,2498.61,2499.81
2025-07-11 00:00:00,2499.81,2501.58,2497.18,2498.61
2025-07-11 04:00:00,2498.61,2498.87,2494.25,2498.05
2025-07-11 08:00:00,2498.05,2504.61,2496.44,2501.59
2025-07-11 12:00:00,2501.59,2516.22,2499.38,2515.77
2025-07-11 16:00:00,2515.77,2517.75,2510.89,2514.32
2025-07-11 20:00:00,2514.32,2517.08,2510.77,2511.02
2025-07-14 00:00:00,2511.02,2512.34,2509.69,2511.60
2025-07-14 04:00:00,2511.60,2513.11,2504.75,2506.23
2025-07-14 08:00:00,2506.23,2506.46,2494.62,2497.63
2025-07-14 12:00:00,2497.63,2503.27,2496.54,2502.64
2025-07-14 16:00:00,2502.64,2504.27,2491.86,2495.42
2025-07-14 20:00:00,2495.42,2498.82,2492.43,2497.82
2025-07-15 00:00:00,2497.82,2500.79,2497.45,2499.01
2025-07-15 04:00:00,2499.01,2499.77,2495.44,2497.89
2025-07-15 08:00:00,2497.89,2511.13,2497.61,2505.58
2025-07-15 12:00:00,2505.58,2514.29,2504.77,2513.56
2025-07-15 16:00:00,2513.56,2523.46,2513.47,2519.86
2025-07-15 20:00:00,2519.86,2520.39,2513.29,2514.40
2025-07-16 00:00:00,2514.40,2516.14,2513.17,2514.59
2025-07-16 04:00:00,2514.59,2520.62,2513.15,2517.92
2025-07-16 08:00:00,2517.92,2518.94,2511.01,2515.31
2025-07-16 12:00:00,2515.31,2521.43,2512.01,2518.74
2025-07-16 16:00:00,2518.74,2519.96,2514.50,2514.98
2025-07-16 20:00:00,2514.98,2516.88,2511.52,2516.19
2025-07-17 00:00:00,2516.19,2519.45,2515.27,2518.14
2025-07-17 04:00:00,2518.14,2524.93,2517.42,2523.78
2025-07-17 08:00:00,2523.78,2530.22,2520.43,2528.50
2025-07-17 12:00:00,2528.50,2533.05,2521.14,2528.73
2025-07-17 16:00:00,2528.73,2533.07,2527.62,2530.83
2025-07-17 20:00:00,2530.83,2536.35,2530.38,2535.39
2025-07-18 00:00:00,2535.39,2541.96,2534.71,2541.04
2025-07-18 04:00:00,2541.04,2546.80,2538.68,2543.98
2025-07-18 08:00:00,2543.98,2547.45,2539.18,2540.55
2025-07-18 12:00:00,2540.55,2549.39,2540.25,2545.12
2025-07-18 16:00:00,2545.12,2547.36,2539.82,2545.10
2025-07-18 20:00:00,2545.10,2546.11,2541.92,2542.19
2025-07-21 00:00:00,2542.19,2543.50,2538.63,2540.20
2025-07-21 04:00:00,2540.20,2543.00,2534.20,2537.55
2025-07-21 08:00:00,2537.55,2540.40,2534.88,2537.54
2025-07-21 12:00:00,2537.54,2542.24,2534.72,2535.80
2025-07-21 16:00:00,2535.80,2545.79,2534.99,2539.26
2025-07-21 20:00:00,2539.26,2543.82,2538.47,2541.70
2025-07-22 00:00:00,2541.70,2543.41,2540.73,2541.75
2025-07-22 04:00:00,2541.75,2542.90,2536.73,2537.73
2025-07-22 08:00:00,2537.73,2547.68,2536.53,2544.52
2025-07-22 12:00:00,2544.52,2550.19,2543.10,2547.74
2025-07-22 16:00:00,2547.74,2548.59,2541.83,2541.91
2025-07-22 20:00:00,2541.91,2545.22,2539.35,2544.15
2025-07-23 00:00:00,2544.15,2547.23,2544.01,2546.97
2025-07-23 04:00:00,2546.97,2548.07,2542.58,2544.20
2025-07-23 08:00:00,2544.20,2546.46,2537.36,2540.86
2025-07-23 12:00:00,2540.86,2546.68,2532.18,2533.32
2025-07-23 16:00:00,2533.32,2535.52,2528.38,2535.30
2025-07-23 20:00:00,2535.30,2538.93,2533.88,2538.67
2025-07-24 00:00:00,2538.67,2541.77,2538.20,2540.19
2025-07-24 04:00:00,2540.19,2543.50,2538.22,2538.89
2025-07-24 08:00:00,2538.89,2542.44,2535.48,2538.03
2025-07-24 12:00:00,2538.03,2539.87,2529.77,2529.94
2025-07-24 16:00:00,2529.94,2532.34,2526.04,2531.64
2025-07-24 20:00:00,2531.64,2535.36,2530.59,2533.71
2025-07-25 00:00:00,2533.71,2535.92,2532.11,2535.15
2025-07-25 04:00:00,2535.15,2538.43,2533.47,2538.23
2025-07-25 08:00:00,2538.23,2545.37,2532.37,2534.72
2025-07-25 12:00:00,2534.72,2536.19,2527.98,2529.97
2025-07-25 16:00:00,2529.97,2531.44,2526.15,2530.63
2025-07-25 20:00:00,2530.63,2531.62,2527.03,2527.11
2025-07-28 00:00:00,2527.11,2528.42,2525.06,2525.97
2025-07-28 04:00:00,2525.97,2536.95,2525.55,2536.76
2025-07-28 08:00:00,2536.76,2545.38,2534.05,2544.32
2025-07-28 12:00:00,2544.32,2546.02,2528.73,2534.15
2025-07-28 16:00:00,2534.15,2535.70,2528.28,2528.62
2025-07-28 20:00:00,2528.62,2530.90,2526.55,2528.42
2025-07-29 00:00:00,2528.42,2532.09,2527.69,2530.87
2025-07-29 04:00:00,2530.87,2537.36,2530.27,2535.34
2025-07-29 08:00:00,2535.34,2536.70,2520.23,2524.52
2025-07-29 12:00:00,2524.52,2529.31,2522.43,2528.45
2025-07-29 16:00:00,2528.45,2533.33,2526.45,2531.99
2025-07-29 20:00:00,2531.99,2533.89,2525.42,2526.67
2025-07-30 00:00:00,2526.67,2527.23,2524.90,2526.62
2025-07-30 04:00:00,2526.62,2530.86,2524.66,2530.63
2025-07-30 08:00:00,2530.63,2535.48,2525.47,2531.83
2025-07-30 12:00:00,2531.83,2546.98,2530.79,2545.39
2025-07-30 16:00:00,2545.39,2549.91,2541.19,2549.19
2025-07-30 20:00:00,2549.19,2554.78,2548.68,2553.20
2025-07-31 00:00:00,2553.20,2559.16,2552.72,2558.87
2025-07-31 04:00:00,2558.87,2563.58,2556.59,2561.89
2025-07-31 08:00:00,2561.89,2570.37,2558.15,2569.93
2025-07-31 12:00:00,2569.93,2578.18,2568.75,2577.66
2025-07-31 16:00:00,2577.66,2585.62,2576.22,2582.91
2025-07-31 20:00:00,2582.91,2589.25,2582.65,2587.33
2025-08-01 00:00:00,2587.33,2590.10,2586.77,2588.61
2025-08-01 04:00:00,2588.61,2590.87,2585.53,2590.57
2025-08-01 08:00:00,2590.57,2601.28,2589.29,2595.01
2025-08-01 12:00:00,2595.01,2601.49,2593.69,2600.38
2025-08-01 16:00:00,2600.38,2605.05,2597.43,2602.72
2025-08-01 20:00:00,2602.72,2602.85,2597.92,2599.09
2025-08-04 00:00:00,2599.09,2600.22,2596.87,2598.47
2025-08-04 04:00:00,2598.47,2602.09,2594.63,2596.78
2025-08-04 08:00:00,2596.78,2603.15,2591.28,2602.12
2025-08-04 12:00:00,2602.12,2607.91,2598.10,2607.30
2025-08-04 16:00:00,2607.30,2609.55,2604.44,2608.00
2025-08-04 20:00:00,2608.00,2608.92,2601.98,2608.47
2025-08-05 00:00:00,2608.47,2609.04,2604.51,2605.83
2025-08-05 04:00:00,2605.83,2608.91,2603.10,2605.63
2025-08-05 08:00:00,2605.63,2605.82,2598.45,2601.18
2025-08-05 12:00:00,2601.18,2609.31,2596.63,2598.59
2025-08-05 16:00:00,2598.59,2599.47,2592.21,2594.80
2025-08-05 20:00:00,2594.80,2596.95,2593.16,2595.65
2025-08-06 00:00:00,2595.65,2597.35,2594.04,2596.98
2025-08-06 04:00:00,2596.98,2598.47,2590.49,2591.56
2025-08-06 08:00:00,2591.56,2597.43,2587.21,2591.66
2025-08-06 12:00:00,2591.66,2601.92,2591.54,2601.32
2025-08-06 16:00:00,2601.32,2603.23,2598.14,2600.39
2025-08-06 20:00:00,2600.39,2601.24,2594.36,2597.72
2025-08-07 00:00:00,2597.72,2598.57,2594.82,2595.17
2025-08-07 04:00:00,2595.17,2595.91,2591.36,2594.11
2025-08-07 08:00:00,2594.11,2594.27,2573.51,2574.28
2025-08-07 12:00:00,2574.28,2583.42,2573.36,2582.84
2025-08-07 16:00:00,2582.84,2586.59,2580.02,2584.26
2025-08-07 20:00:00,2584.26,2588.96,2583.32,2586.89
2025-08-08 00:00:00,2586.89,2587.15,2581.22,2582.02
2025-08-08 04:00:00,2582.02,2582.81,2574.15,2575.86
2025-08-08 08:00:00,2575.86,2576.66,2563.26,2568.40
2025-08-08 12:00:00,2568.40,2576.08,2567.31,2568.49
2025-08-08 16:00:00,2568.49,2580.41,2567.55,2579.48
2025-08-08 20:00:00,2579.48,2585.14,2576.94,2577.16
2025-08-11 00:00:00,2577.16,2579.87,2576.62,2578.78
2025-08-11 04:00:00,2578.78,2584.69,2578.58,2582.90
2025-08-11 08:00:00,2582.90,2595.03,2582.28,2593.93
2025-08-11 12:00:00,2593.93,2596.28,2584.39,2585.93
2025-08-11 16:00:00,2585.93,2592.00,2584.57,2586.46
2025-08-11 20:00:00,2586.46,2590.95,2584.14,2588.93
2025-08-12 00:00:00,2588.93,2589.45,2585.83,2587.85
2025-08-12 04:00:00,2587.85,2590.77,2585.73,2588.45
2025-08-12 08:00:00,2588.45,2589.73,2582.03,2583.71
2025-08-12 12:00:00,2583.71,2586.00,2577.01,2585.72
2025-08-12 16:00:00,2585.72,2587.02,2570.83,2571.53
2025-08-12 20:00:00,2571.53,2575.79,2570.71,2574.08
2025-08-13 00:00:00,2574.08,2577.37,2573.03,2577.13
2025-08-13 04:00:00,2577.13,2580.75,2574.00,2579.69
2025-08-13 08:00:00,2579.69,2593.81,2578.42,2592.68
2025-08-13 12:00:00,2592.68,2595.94,2581.38,2587.91
2025-08-13 16:00:00,2587.91,2588.61,2575.14,2576.31
2025-08-13 20:00:00,2576.31,2577.15,2573.45,2574.80
2025-08-14 00:00:00,2574.80,2575.95,2573.02,2573.76
2025-08-14 04:00:00,2573.76,2575.41,2569.74,2571.58
2025-08-14 08:00:00,2571.58,2574.32,2565.27,2573.89
2025-08-14 12:00:00,2573.89,2578.71,2572.42,2576.64
2025-08-14 16:00:00,2576.64,2582.81,2575.66,2579.02
2025-08-14 20:00:00,2579.02,2585.25,2578.29,2582.50
2025-08-15 00:00:00,2582.50,2583.39,2579.09,2579.69
2025-08-15 04:00:00,2579.69,2583.32,2578.51,2578.71
2025-08-15 08:00:00,2578.71,2581.98,2574.28,2577.35
2025-08-15 12:00:00,2577.35,2586.76,2574.76,2582.20
2025-08-15 16:00:00,2582.20,2587.96,2582.07,2583.07
2025-08-15 20:00:00,2583.07,2585.34,2581.90,2584.84
2025-08-18 00:00:00,2584.84,2587.00,2582.66,2582.76
2025-08-18 04:00:00,2582.76,2583.32,2575.62,2577.17
2025-08-18 08:00:00,2577.17,2578.87,2564.39,2568.52
2025-08-18 12:00:00,2568.52,2573.02,2563.62,2569.74
2025-08-18 16:00:00,2569.74,2575.94,2569.40,2570.35
2025-08-18 20:00:00,2570.35,2575.55,2569.11,2574.98
2025-08-19 00:00:00,2574.98,2576.53,2573.09,2575.32
2025-08-19 04:00:00,2575.32,2581.79,2574.74,2579.58
2025-08-19 08:00:00,2579.58,2583.83,2574.14,2582.57
2025-08-19 12:00:00,2582.57,2586.18,2578.71,2584.48
2025-08-19 16:00:00,2584.48,2585.50,2576.80,2577.47
2025-08-19 20:00:00,2577.47,2581.53,2577.21,2578.45
2025-08-20 00:00:00,2578.45,2582.21,2577.87,2579.91
2025-08-20 04:00:00,2579.91,2583.52,2575.63,2583.16
2025-08-20 08:00:00,2583.16,2585.83,2578.97,2585.39
2025-08-20 12:00:00,2585.39,2587.59,2580.55,2584.82
2025-08-20 16:00:00,2584.82,2591.16,2582.88,2589.17
2025-08-20 20:00:00,2589.17,2590.43,2588.11,2589.32
2025-08-21 00:00:00,2589.32,2595.17,2589.14,2594.37
2025-08-21 04:00:00,2594.37,2597.62,2593.25,2596.99
2025-08-21 08:00:00,2596.99,2598.04,2588.43,2588.65
2025-08-21 12:00:00,2588.65,2589.20,2578.69,2584.26
2025-08-21 16:00:00,2584.26,2586.19,2576.93,2577.90
2025-08-21 20:00:00,2577.90,2580.09,2574.69,2578.69
2025-08-22 00:00:00,2578.69,2581.66,2578.07,2579.63
2025-08-22 04:00:00,2579.63,2582.24,2578.72,2581.07
2025-08-22 08:00:00,2581.07,2589.07,2579.99,2581.16
2025-08-22 12:00:00,2581.16,2584.18,2577.37,2581.69
2025-08-22 16:00:00,2581.69,2584.69,2579.86,2580.67
2025-08-22 20:00:00,2580.67,2584.57,2578.05,2580.95
2025-08-25 00:00:00,2580.95,2582.24,2578.25,2581.52
2025-08-25 04:00:00,2581.52,2582.91,2578.02,2578.59
2025-08-25 08:00:00,2578.59,2584.75,2574.38,2581.17
2025-08-25 12:00:00,2581.17,2583.59,2574.60,2581.28
2025-08-25 16:00:00,2581.28,2585.45,2578.48,2584.82
2025-08-25 20:00:00,2584.82,2588.20,2582.79,2583.11
2025-08-26 00:00:00,2583.11,2588.94,2582.36,2587.25
2025-08-26 04:00:00,2587.25,2590.46,2581.92,2587.15
2025-08-26 08:00:00,2587.15,2592.41,2582.66,2588.71
2025-08-26 12:00:00,2588.71,2596.90,2588.00,2594.31
2025-08-26 16:00:00,2594.31,2600.83,2590.89,2599.91
2025-08-26 20:00:00,2599.91,2600.21,2594.40,2595.49
2025-08-27 00:00:00,2595.49,2598.27,2595.20,2597.86
2025-08-27 04:00:00,2597.86,2603.17,2596.59,2602.75
2025-08-27 08:00:00,2602.75,2603.60,2588.16,2589.73
2025-08-27 12:00:00,2589.73,2598.96,2586.32,2590.77
2025-08-27 16:00:00,2590.77,2594.18,2585.42,2586.34
2025-08-27 20:00:00,2586.34,2587.32,2582.34,2584.04
2025-08-28 00:00:00,2584.04,2585.03,2581.18,2582.38
2025-08-28 04:00:00,2582.38,2584.39,2576.12,2577.15
2025-08-28 08:00:00,2577.15,2580.12,2567.99,2571.14
2025-08-28 12:00:00,2571.14,2577.42,2565.75,2565.88
2025-08-28 16:00:00,2565.88,2567.02,2558.35,2559.25
2025-08-28 20:00:00,2559.25,2562.81,2558.33,2561.34
2025-08-29 00:00:00,2561.34,2566.81,2560.94,2566.20
2025-08-29 04:00:00,2566.20,2566.53,2562.34,2564.03
2025-08-29 08:00:00,2564.03,2567.64,2557.35,2560.77
2025-08-29 12:00:00,2560.77,2568.14,2553.33,2566.15
2025-08-29 16:00:00,2566.15,2574.63,2563.79,2568.47
2025-08-29 20:00:00,2568.47,2574.00,2567.60,2571.59
2025-09-01 00:00:00,2571.59,2573.72,2567.56,2568.62
2025-09-01 04:00:00,2568.62,2573.09,2567.28,2570.42
2025-09-01 08:00:00,2570.42,2571.68,2560.36,2561.09
2025-09-01 12:00:00,2561.09,2565.54,2559.82,2565.19
2025-09-01 16:00:00,2565.19,2575.47,2564.29,2574.26
2025-09-01 20:00:00,2574.26,2578.96,2573.34,2578.71
2025-09-02 00:00:00,2578.71,2580.63,2577.23,2577.75
2025-09-02 04:00:00,2577.75,2577.87,2571.14,2571.43
2025-09-02 08:00:00,2571.43,2577.53,2568.02,2571.39
2025-09-02 12:00:00,2571.39,2577.12,2562.41,2567.49
2025-09-02 16:00:00,2567.49,2570.30,2563.17,2569.94
2025-09-02 20:00:00,2569.94,2574.25,2568.13,2572.45
2025-09-03 00:00:00,2572.45,2575.12,2571.18,2574.57
2025-09-03 04:00:00,2574.57,2577.63,2572.85,2575.09
2025-09-03 08:00:00,2575.09,2581.83,2571.43,2579.10
2025-09-03 12:00:00,2579.10,2588.30,2573.71,2586.49
2025-09-03 16:00:00,2586.49,2589.67,2581.40,2589.49
2025-09-03 20:00:00,2589.49,2590.49,2582.09,2583.10
2025-09-04 00:00:00,2583.10,2586.31,2580.80,2585.33
2025-09-04 04:00:00,2585.33,2587.18,2577.94,2579.46
2025-09-04 08:00:00,2579.46,2581.07,2571.21,2571.41
2025-09-04 12:00:00,2571.41,2573.82,2566.50,2568.68
2025-09-04 16:00:00,2568.68,2572.12,2563.76,2564.64
2025-09-04 20:00:00,2564.64,2566.91,2561.24,2566.73
2025-09-05 00:00:00,2566.73,2568.05,2563.13,2564.43
2025-09-05 04:00:00,2564.43,2566.22,2563.12,2565.63
2025-09-05 08:00:00,2565.63,2570.64,2561.24,2563.67
2025-09-05 12:00:00,2563.67,2565.79,2552.92,2553.34
2025-09-05 16:00:00,2553.34,2558.44,2549.62,2551.60
2025-09-05 20:00:00,2551.60,2551.75,2548.36,2551.22
2025-09-08 00:00:00,2551.22,2554.51,2550.61,2553.17
2025-09-08 04:00:00,2553.17,2556.67,2551.43,2555.12
2025-09-08 08:00:00,2555.12,2555.84,2542.95,2547.48
2025-09-08 12:00:00,2547.48,2552.50,2541.18,2541.53
2025-09-08 16:00:00,2541.53,2549.22,2538.76,2548.43
2025-09-08 20:00:00,2548.43,2551.68,2547.38,2551.02
2025-09-09 00:00:00,2551.02,2553.49,2549.11,2549.47
2025-09-09 04:00:00,2549.47,2561.31,2549.27,2560.20
2025-09-09 08:00:00,2560.20,2562.93,2544.52,2545.49
2025-09-09 12:00:00,2545.49,2548.27,2538.20,2539.04
2025-09-09 16:00:00,2539.04,2541.96,2535.61,2539.21
2025-09-09 20:00:00,2539.21,2539.82,2535.01,2535.26
2025-09-10 00:00:00,2535.26,2537.57,2533.45,2534.10
2025-09-10 04:00:00,2534.10,2538.82,2532.11,2536.52
2025-09-10 08:00:00,2536.52,2538.95,2530.97,2531.13
2025-09-10 12:00:00,2531.13,2531.78,2515.53,2517.41
2025-09-10 16:00:00,2517.41,2517.75,2508.19,2512.29
2025-09-10 20:00:00,2512.29,2513.12,2509.26,2510.12
2025-09-11 00:00:00,2510.12,2511.93,2507.30,2508.36
2025-09-11 04:00:00,2508.36,2512.29,2508.06,2511.47
2025-09-11 08:00:00,2511.47,2512.00,2496.19,2500.79
2025-09-11 12:00:00,2500.79,2507.59,2497.96,2505.42
2025-09-11 16:00:00,2505.42,2507.26,2501.16,2504.75
2025-09-11 20:00:00,2504.75,2511.68,2504.47,2511.10
2025-09-12 00:00:00,2511.10,2512.37,2509.60,2510.33
2025-09-12 04:00:00,2510.33,2511.70,2502.91,2505.34
2025-09-12 08:00:00,2505.34,2506.90,2495.91,2504.07
2025-09-12 12:00:00,2504.07,2509.96,2499.73,2508.35
2025-09-12 16:00:00,2508.35,2514.63,2507.12,2509.77
2025-09-12 20:00:00,2509.77,2510.64,2506.75,2507.93
2025-09-15 00:00:00,2507.93,2508.74,2505.22,2505.86
2025-09-15 04:00:00,2505.86,2508.06,2502.52,2504.61
2025-09-15 08:00:00,2504.61,2517.46,2504.45,2512.62
2025-09-15 12:00:00,2512.62,2513.44,2495.91,2496.16
2025-09-15 16:00:00,2496.16,2503.60,2494.18,2502.20
2025-09-15 20:00:00,2502.20,2504.37,2500.61,2501.19
2025-09-16 00:00:00,2501.19,2505.05,2500.92,2503.69
2025-09-16 04:00:00,2503.69,2511.70,2503.57,2510.11
2025-09-16 08:00:00,2510.11,2512.89,2506.21,2509.27
2025-09-16 12:00:00,2509.27,2511.84,2501.89,2508.22
2025-09-16 16:00:00,2508.22,2516.30,2507.21,2513.82
2025-09-16 20:00:00,2513.82,2514.51,2508.88,2509.99
2025-09-17 00:00:00,2509.99,2510.68,2506.37,2506.66
2025-09-17 04:00:00,2506.66,2507.95,2503.81,2504.62
2025-09-17 08:00:00,2504.62,2508.62,2495.71,2499.30
2025-09-17 12:00:00,2499.30,2500.63,2488.67,2493.08
2025-09-17 16:00:00,2493.08,2497.83,2484.72,2486.56
2025-09-17 20:00:00,2486.56,2491.17,2485.50,2489.17
2025-09-18 00:00:00,2489.17,2492.05,2485.90,2486.43
2025-09-18 04:00:00,2486.43,2494.01,2485.68,2493.52
2025-09-18 08:00:00,2493.52,2494.56,2483.88,2487.89
2025-09-18 12:00:00,2487.89,2490.43,2480.08,2481.57
2025-09-18 16:00:00,2481.57,2483.45,2475.32,2476.23
2025-09-18 20:00:00,2476.23,2478.98,2470.42,2472.32
2025-09-19 00:00:00,2472.32,2473.35,2469.70,2472.92
2025-09-19 04:00:00,2472.92,2476.47,2472.51,2475.02
2025-09-19 08:00:00,2475.02,2479.72,2470.32,2471.71
2025-09-19 12:00:00,2471.71,2473.17,2466.14,2467.00
2025-09-19 16:00:00,2467.00,2468.48,2462.33,2465.35
2025-09-19 20:00:00,2465.35,2468.07,2462.45,2466.60
2025-09-22 00:00:00,2466.60,2467.03,2464.32,2465.17
2025-09-22 04:00:00,2465.17,2465.77,2458.11,2461.90
2025-09-22 08:00:00,2461.90,2467.20,2455.80,2458.85
2025-09-22 12:00:00,2458.85,2459.40,2450.12,2451.74
2025-09-22 16:00:00,2451.74,2461.01,2449.10,2460.50
2025-09-22 20:00:00,2460.50,2465.40,2458.69,2464.70
2025-09-23 00:00:00,2464.70,2466.43,2461.92,2462.46
2025-09-23 04:00:00,2462.46,2471.29,2462.29,2468.99
2025-09-23 08:00:00,2468.99,2473.52,2463.50,2471.95
2025-09-23 12:00:00,2471.95,2475.07,2465.97,2472.66
2025-09-23 16:00:00,2472.66,2477.13,2468.00,2476.34
2025-09-23 20:00:00,2476.34,2482.81,2474.32,2482.01
2025-09-24 00:00:00,2482.01,2485.66,2479.93,2484.16
2025-09-24 04:00:00,2484.16,2485.23,2481.17,2481.51
2025-09-24 08:00:00,2481.51,2490.70,2480.16,2489.44
2025-09-24 12:00:00,2489.44,2492.61,2483.06,2484.73
2025-09-24 16:00:00,2484.73,2487.58,2480.53,2481.60
2025-09-24 20:00:00,2481.60,2485.75,2480.26,2484.46
2025-09-25 00:00:00,2484.46,2489.12,2483.74,2487.17
2025-09-25 04:00:00,2487.17,2487.58,2480.12,2485.39
2025-09-25 08:00:00,2485.39,2494.20,2484.11,2491.35
2025-09-25 12:00:00,2491.35,2493.58,2486.19,2489.60
2025-09-25 16:00:00,2489.60,2494.20,2487.03,2488.60
2025-09-25 20:00:00,2488.60,2491.72,2485.89,2486.36
2025-09-26 00:00:00,2486.36,2489.65,2482.89,2483.05
2025-09-26 04:00:00,2483.05,2483.87,2472.25,2473.26
2025-09-26 08:00:00,2473.26,2478.12,2471.84,2477.12
2025-09-26 12:00:00,2477.12,2486.05,2475.95,2481.87
2025-09-26 16:00:00,2481.87,2482.77,2477.45,2479.33
2025-09-26 20:00:00,2479.33,2483.37,2477.89,2481.06
2025-09-29 00:00:00,2481.06,2481.78,2478.05,2479.15
2025-09-29 04:00:00,2479.15,2480.10,2473.53,2475.79
2025-09-29 08:00:00,2475.79,2486.64,2474.99,2484.71
2025-09-29 12:00:00,2484.71,2487.78,2473.69,2487.40
2025-09-29 16:00:00,2487.40,2489.27,2478.41,2483.51
2025-09-29 20:00:00,2483.51,2484.82,2480.92,2482.98
2025-09-30 00:00:00,2482.98,2483.19,2479.37,2481.05
2025-09-30 04:00:00,2481.05,2484.96,2480.48,2482.35
2025-09-30 08:00:00,2482.35,2484.67,2471.67,2472.24
2025-09-30 12:00:00,2472.24,2479.00,2470.91,2478.42
2025-09-30 16:00:00,2478.42,2479.56,2467.58,2468.57
2025-09-30 20:00:00,2468.57,2471.35,2467.84,2468.41
2025-10-01 00:00:00,2468.41,2470.25,2465.04,2465.33
2025-10-01 04:00:00,2465.33,2468.44,2460.67,2461.92
2025-10-01 08:00:00,2461.92,2473.72,2459.78,2473.03
2025-10-01 12:00:00,2473.03,2473.41,2465.51,2469.99
2025-10-01 16:00:00,2469.99,2471.51,2465.29,2466.41
2025-10-01 20:00:00,2466.41,2467.73,2464.24,2466.26
2025-10-02 00:00:00,2466.26,2467.22,2463.93,2465.99
2025-10-02 04:00:00,2465.99,2472.16,2465.24,2472.00
2025-10-02 08:00:00,2472.00,2478.00,2464.00,2464.69
2025-10-02 12:00:00,2464.69,2471.77,2464.21,2466.63
2025-10-02 16:00:00,2466.63,2470.12,2463.96,2465.01
2025-10-02 20:00:00,2465.01,2465.23,2462.28,2463.00
2025-10-03 00:00:00,2463.00,2466.32,2462.11,2465.85
2025-10-03 04:00:00,2465.85,2466.12,2460.95,2463.71
2025-10-03 08:00:00,2463.71,2464.80,2455.64,2455.86
2025-10-03 12:00:00,2455.86,2456.84,2448.14,2451.32
2025-10-03 16:00:00,2451.32,2457.35,2449.99,2456.33
2025-10-03 20:00:00,2456.33,2457.13,2446.37,2447.24
2025-10-06 00:00:00,2447.24,2448.33,2445.22,2446.06
2025-10-06 04:00:00,2446.06,2454.58,2444.56,2451.32
2025-10-06 08:00:00,2451.32,2459.58,2450.54,2459.22
2025-10-06 12:00:00,2459.22,2460.47,2448.45,2455.22
2025-10-06 16:00:00,2455.22,2462.46,2454.32,2456.77
2025-10-06 20:00:00,2456.77,2461.03,2454.44,2456.67
2025-10-07 00:00:00,2456.67,2458.17,2454.00,2457.58
2025-10-07 04:00:00,2457.58,2462.44,2455.03,2455.70
2025-10-07 08:00:00,2455.70,2457.37,2446.09,2447.39
2025-10-07 12:00:00,2447.39,2455.58,2440.87,2455.40
2025-10-07 16:00:00,2455.40,2457.59,2448.91,2457.12
2025-10-07 20:00:00,2457.12,2458.18,2453.13,2453.54
2025-10-08 00:00:00,2453.54,2455.13,2449.50,2449.60
2025-10-08 04:00:00,2449.60,2453.08,2447.59,2447.78
2025-10-08 08:00:00,2447.78,2461.27,2446.26,2456.52
2025-10-08 12:00:00,2456.52,2467.35,2455.64,2464.61
2025-10-08 16:00:00,2464.61,2468.06,2462.00,2464.37
2025-10-08 20:00:00,2464.37,2468.10,2463.33,2466.42
2025-10-09 00:00:00,2466.42,2471.45,2463.92,2470.88
2025-10-09 04:00:00,2470.88,2474.43,2466.77,2468.69
2025-10-09 08:00:00,2468.69,2473.86,2463.66,2472.01
2025-10-09 12:00:00,2472.01,2478.56,2467.69,2468.40
2025-10-09 16:00:00,2468.40,2470.90,2463.10,2465.85
2025-10-09 20:00:00,2465.85,2467.62,2463.53,2464.32
2025-10-10 00:00:00,2464.32,2467.15,2462.24,2466.50
2025-10-10 04:00:00,2466.50,2468.57,2462.38,2467.33
2025-10-10 08:00:00,2467.33,2476.24,2464.47,2473.98
2025-10-10 12:00:00,2473.98,2486.61,2472.59,2485.08
2025-10-10 16:00:00,2485.08,2490.26,2484.08,2489.87
2025-10-10 20:00:00,2489.87,2491.28,2486.16,2487.50
2025-10-13 00:00:00,2487.50,2492.78,2486.84,2492.07
2025-10-13 04:00:00,2492.07,2497.02,2491.89,2495.79
2025-10-13 08:00:00,2495.79,2496.13,2486.13,2488.31
2025-10-13 12:00:00,2488.31,2495.36,2486.04,2494.01
2025-10-13 16:00:00,2494.01,2495.16,2487.49,2489.68
2025-10-13 20:00:00,2489.68,2493.57,2488.81,2492.05
2025-10-14 00:00:00,2492.05,2492.83,2489.01,2491.73
2025-10-14 04:00:00,2491.73,2496.49,2490.80,2496.24
2025-10-14 08:00:00,2496.24,2506.47,2495.26,2496.38
2025-10-14 12:00:00,2496.38,2497.48,2486.56,2491.09
2025-10-14 16:00:00,2491.09,2495.66,2489.79,2494.04
2025-10-14 20:00:00,2494.04,2496.32,2493.33,2495.53
2025-10-15 00:00:00,2495.53,2496.61,2491.76,2491.94
2025-10-15 04:00:00,2491.94,2492.56,2487.16,2492.10
2025-10-15 08:00:00,2492.10,2499.50,2491.26,2496.33
2025-10-15 12:00:00,2496.33,2504.59,2492.24,2501.67
2025-10-15 16:00:00,2501.67,2504.59,2499.07,2502.87
2025-10-15 20:00:00,2502.87,2503.37,2500.17,2502.17
2025-10-16 00:00:00,2502.17,2508.44,2500.42,2507.78
2025-10-16 04:00:00,2507.78,2509.89,2504.53,2506.02
2025-10-16 08:00:00,2506.02,2507.24,2496.08,2497.87
2025-10-16 12:00:00,2497.87,2502.24,2495.80,2496.54
2025-10-16 16:00:00,2496.54,2499.16,2493.64,2498.77
2025-10-16 20:00:00,2498.77,2498.87,2493.59,2495.63
2025-10-17 00:00:00,2495.63,2498.69,2494.41,2494.53
2025-10-17 04:00:00,2494.53,2497.93,2492.88,2494.42
2025-10-17 08:00:00,2494.42,2501.23,2492.59,2499.49
2025-10-17 12:00:00,2499.49,2502.90,2482.22,2483.43
2025-10-17 16:00:00,2483.43,2484.71,2478.43,2479.96
2025-10-17 20:00:00,2479.96,2481.56,2477.85,2480.33
2025-10-20 00:00:00,2480.33,2482.23,2478.17,2481.39
2025-10-20 04:00:00,2481.39,2487.68,2480.91,2486.57
2025-10-20 08:00:00,2486.57,2496.15,2484.64,2487.66
2025-10-20 12:00:00,2487.66,2489.62,2484.20,2487.64
2025-10-20 16:00:00,2487.64,2488.56,2479.86,2480.92
2025-10-20 20:00:00,2480.92,2482.78,2478.17,2481.60
2025-10-21 00:00:00,2481.60,2486.61,2481.32,2485.18
2025-10-21 04:00:00,2485.18,2488.48,2483.26,2484.55
2025-10-21 08:00:00,2484.55,2487.48,2482.42,2483.34
2025-10-21 12:00:00,2483.34,2493.17,2480.42,2488.59
2025-10-21 16:00:00,2488.59,2491.10,2482.53,2483.01
2025-10-21 20:00:00,2483.01,2488.87,2482.68,2488.12
2025-10-22 00:00:00,2488.12,2489.01,2485.22,2485.53
2025-10-22 04:00:00,2485.53,2491.21,2483.51,2490.96
2025-10-22 08:00:00,2490.96,2494.90,2487.22,2492.57
2025-10-22 12:00:00,2492.57,2494.53,2484.14,2487.60
2025-10-22 16:00:00,2487.60,2490.80,2476.39,2479.01
2025-10-22 20:00:00,2479.01,2481.32,2475.15,2478.56
2025-10-23 00:00:00,2478.56,2481.21,2476.60,2477.88
2025-10-23 04:00:00,2477.88,2478.87,2474.28,2478.11
2025-10-23 08:00:00,2478.11,2480.32,2466.02,2468.61
2025-10-23 12:00:00,2468.61,2472.27,2465.17,2467.97
2025-10-23 16:00:00,2467.97,2470.56,2464.21,2467.47
2025-10-23 20:00:00,2467.47,2471.99,2466.26,2471.25
2025-10-24 00:00:00,2471.25,2472.35,2469.14,2470.96
2025-10-24 04:00:00,2470.96,2475.24,2469.18,2474.84
2025-10-24 08:00:00,2474.84,2477.57,2467.89,2468.77
2025-10-24 12:00:00,2468.77,2479.69,2468.50,2469.20
2025-10-24 16:00:00,2469.20,2470.93,2462.77,2466.29
2025-10-24 20:00:00,2466.29,2470.03,2464.02,2466.40
2025-10-27 00:00:00,2466.40,2468.41,2464.61,2465.28
2025-10-27 04:00:00,2465.28,2469.96,2464.58,2466.20
2025-10-27 08:00:00,2466.20,2466.83,2454.29,2461.31
2025-10-27 12:00:00,2461.31,2466.54,2457.78,2460.07
2025-10-27 16:00:00,2460.07,2470.17,2459.25,2465.22
2025-10-27 20:00:00,2465.22,2465.80,2460.27,2461.43
2025-10-28 00:00:00,2461.43,2463.11,2458.78,2458.96
2025-10-28 04:00:00,2458.96,2470.45,2458.56,2469.05
2025-10-28 08:00:00,2469.05,2470.47,2462.64,2465.67
2025-10-28 12:00:00,2465.67,2469.13,2457.07,2457.29
2025-10-28 16:00:00,2457.29,2462.05,2455.97,2456.97
2025-10-28 20:00:00,2456.97,2459.99,2454.29,2457.87
2025-10-29 00:00:00,2457.87,2460.09,2456.89,2458.57
2025-10-29 04:00:00,2458.57,2459.32,2450.14,2453.58
2025-10-29 08:00:00,2453.58,2461.21,2453.48,2459.33
2025-10-29 12:00:00,2459.33,2462.90,2451.76,2452.63
2025-10-29 16:00:00,2452.63,2458.39,2448.75,2449.84
2025-10-29 20:00:00,2449.84,2453.03,2448.44,2448.70
2025-10-30 00:00:00,2448.70,2450.40,2446.90,2447.35
2025-10-30 04:00:00,2447.35,2449.50,2445.94,2448.49
2025-10-30 08:00:00,2448.49,2454.46,2439.03,2440.11
2025-10-30 12:00:00,2440.11,2446.51,2439.04,2444.77
2025-10-30 16:00:00,2444.77,2447.96,2441.64,2447.49
2025-10-30 20:00:00,2447.49,2447.96,2444.37,2446.17
2025-10-31 00:00:00,2446.17,2447.46,2443.32,2444.32
2025-10-31 04:00:00,2444.32,2444.66,2432.41,2433.55
2025-10-31 08:00:00,2433.55,2441.78,2433.12,2441.67
2025-10-31 12:00:00,2441.67,2444.70,2432.16,2436.54
2025-10-31 16:00:00,2436.54,2442.05,2435.89,2440.04
2025-10-31 20:00:00,2440.04,2443.06,2438.86,2442.75
2025-11-03 00:00:00,2442.75,2446.29,2441.96,2445.85
2025-11-03 04:00:00,2445.85,2450.20,2445.53,2446.98
2025-11-03 08:00:00,2446.98,2451.27,2441.28,2442.68
2025-11-03 12:00:00,2442.68,2445.03,2435.53,2438.20
2025-11-03 16:00:00,2438.20,2441.90,2435.57,2440.55
2025-11-03 20:00:00,2440.55,2441.74,2436.81,2439.70
2025-11-04 00:00:00,2439.70,2441.84,2437.52,2438.43
2025-11-04 04:00:00,2438.43,2438.59,2434.42,2435.22
2025-11-04 08:00:00,2435.22,2441.60,2431.68,2438.39
2025-11-04 12:00:00,2438.39,2439.96,2430.99,2436.10
2025-11-04 16:00:00,2436.10,2444.55,2435.65,2440.94
2025-11-04 20:00:00,2440.94,2446.75,2440.77,2444.22
2025-11-05 00:00:00,2444.22,2448.53,2442.72,2446.58
2025-11-05 04:00:00,2446.58,2451.58,2444.66,2449.22
2025-11-05 08:00:00,2449.22,2453.95,2446.88,2453.58
2025-11-05 12:00:00,2453.58,2457.30,2449.96,2452.76
2025-11-05 16:00:00,2452.76,2455.47,2447.90,2451.77
2025-11-05 20:00:00,2451.77,2452.44,2446.89,2447.68
2025-11-06 00:00:00,2447.68,2448.44,2445.08,2445.87
2025-11-06 04:00:00,2445.87,2446.21,2440.73,2442.39
2025-11-06 08:00:00,2442.39,2444.89,2435.11,2436.15
2025-11-06 12:00:00,2436.15,2439.25,2421.04,2422.08
2025-11-06 16:00:00,2422.08,2426.11,2418.65,2425.07
2025-11-06 20:00:00,2425.07,2431.97,2424.43,2429.28
2025-11-07 00:00:00,2429.28,2431.36,2428.63,2429.56
2025-11-07 04:00:00,2429.56,2433.08,2427.50,2429.78
2025-11-07 08:00:00,2429.78,2430.07,2419.17,2422.98
2025-11-07 12:00:00,2422.98,2423.74,2412.33,2418.41
2025-11-07 16:00:00,2418.41,2419.11,2407.35,2408.66
2025-11-07 20:00:00,2408.66,2408.77,2401.04,2402.53
2025-11-10 00:00:00,2402.53,2404.59,2401.57,2402.41
2025-11-10 04:00:00,2402.41,2407.68,2402.18,2407.23
2025-11-10 08:00:00,2407.23,2411.46,2404.66,2405.26
2025-11-10 12:00:00,2405.26,2417.20,2404.37,2416.02
2025-11-10 16:00:00,2416.02,2417.45,2411.14,2412.34
2025-11-10 20:00:00,2412.34,2415.59,2410.55,2414.52
2025-11-11 00:00:00,2414.52,2414.76,2410.83,2413.85
2025-11-11 04:00:00,2413.85,2415.75,2412.89,2414.02
2025-11-11 08:00:00,2414.02,2415.50,2400.92,2402.48
2025-11-11 12:00:00,2402.48,2408.60,2398.83,2403.45
2025-11-11 16:00:00,2403.45,2409.08,2401.61,2408.47
2025-11-11 20:00:00,2408.47,2412.20,2408.07,2411.11
2025-11-12 00:00:00,2411.11,2413.91,2409.62,2413.33
2025-11-12 04:00:00,2413.33,2416.85,2411.69,2415.56
2025-11-12 08:00:00,2415.56,2421.82,2412.90,2417.22
2025-11-12 12:00:00,2417.22,2420.55,2414.09,2418.57
2025-11-12 16:00:00,2418.57,2422.02,2416.31,2419.93
2025-11-12 20:00:00,2419.93,2424.34,2418.83,2423.30
2025-11-13 00:00:00,2423.30,2428.94,2423.01,2427.66
2025-11-13 04:00:00,2427.66,2427.96,2419.68,2421.73
2025-11-13 08:00:00,2421.73,2421.95,2408.48,2414.81
2025-11-13 12:00:00,2414.81,2417.34,2407.54,2414.65
2025-11-13 16:00:00,2414.65,2418.85,2410.57,2415.11
2025-11-13 20:00:00,2415.11,2416.23,2409.63,2415.23
2025-11-14 00:00:00,2415.23,2418.38,2414.24,2416.33
2025-11-14 04:00:00,2416.33,2419.28,2413.43,2413.73
2025-11-14 08:00:00,2413.73,2414.81,2406.09,2410.81
2025-11-14 12:00:00,2410.81,2419.68,2408.12,2412.91
2025-11-14 16:00:00,2412.91,2418.65,2411.60,2417.66
2025-11-14 20:00:00,2417.66,2422.95,2417.41,2420.48
2025-11-17 00:00:00,2420.48,2420.71,2414.89,2417.33
2025-11-17 04:00:00,2417.33,2418.89,2409.32,2410.73
2025-11-17 08:00:00,2410.73,2419.81,2407.24,2415.43
2025-11-17 12:00:00,2415.43,2420.39,2413.90,2419.52
2025-11-17 16:00:00,2419.52,2424.59,2417.93,2423.84
2025-11-17 20:00:00,2423.84,2424.41,2415.58,2416.25
2025-11-18 00:00:00,2416.25,2418.71,2415.19,2417.90
2025-11-18 04:00:00,2417.90,2419.08,2413.00,2414.74
2025-11-18 08:00:00,2414.74,2419.85,2412.39,2415.30
2025-11-18 12:00:00,2415.30,2415.54,2406.70,2409.35
2025-11-18 16:00:00,2409.35,2411.55,2403.87,2403.97
2025-11-18 20:00:00,2403.97,2406.73,2401.20,2403.29
2025-11-19 00:00:00,2403.29,2406.39,2401.90,2405.41
2025-11-19 04:00:00,2405.41,2405.99,2397.02,2398.97
2025-11-19 08:00:00,2398.97,2406.39,2396.77,2402.60
2025-11-19 12:00:00,2402.60,2408.61,2400.40,2404.38
2025-11-19 16:00:00,2404.38,2411.04,2401.68,2410.12
2025-11-19 20:00:00,2410.12,2417.69,2409.58,2415.35
2025-11-20 00:00:00,2415.35,2416.26,2412.03,2413.90
2025-11-20 04:00:00,2413.90,2414.53,2407.59,2408.24
2025-11-20 08:00:00,2408.24,2417.94,2404.96,2415.14
2025-11-20 12:00:00,2415.14,2421.73,2414.28,2416.31
2025-11-20 16:00:00,2416.31,2418.59,2412.77,2414.63
2025-11-20 20:00:00,2414.63,2415.64,2409.18,2410.30
2025-11-21 00:00:00,2410.30,2413.44,2409.23,2411.78
2025-11-21 04:00:00,2411.78,2416.53,2411.58,2414.72
2025-11-21 08:00:00,2414.72,2421.17,2411.97,2420.68
2025-11-21 12:00:00,2420.68,2424.71,2415.44,2422.43
2025-11-21 16:00:00,2422.43,2423.21,2410.59,2411.34
2025-11-21 20:00:00,2411.34,2412.17,2404.35,2404.71
2025-11-24 00:00:00,2404.71,2410.47,2404.43,2408.27
2025-11-24 04:00:00,2408.27,2411.86,2408.02,2411.37
2025-11-24 08:00:00,2411.37,2429.37,2410.65,2422.82
2025-11-24 12:00:00,2422.82,2428.81,2420.65,2426.38
2025-11-24 16:00:00,2426.38,2427.74,2420.86,2421.68
2025-11-24 20:00:00,2421.68,2422.16,2416.57,2416.87
2025-11-25 00:00:00,2416.87,2417.58,2413.06,2413.18
2025-11-25 04:00:00,2413.18,2416.23,2408.64,2410.47
2025-11-25 08:00:00,2410.47,2415.72,2401.70,2402.38
2025-11-25 12:00:00,2402.38,2404.31,2396.56,2400.99
2025-11-25 16:00:00,2400.99,2403.98,2394.04,2398.19
2025-11-25 20:00:00,2398.19,2399.97,2395.28,2398.52
2025-11-26 00:00:00,2398.52,2400.69,2396.83,2400.61
2025-11-26 04:00:00,2400.61,2406.20,2400.25,2405.90
2025-11-26 08:00:00,2405.90,2423.69,2404.63,2423.12
2025-11-26 12:00:00,2423.12,2427.64,2420.72,2424.97
2025-11-26 16:00:00,2424.97,2430.70,2423.44,2427.24
2025-11-26 20:00:00,2427.24,2430.67,2424.33,2426.60
2025-11-27 00:00:00,2426.60,2428.66,2421.83,2422.51
2025-11-27 04:00:00,2422.51,2429.64,2421.64,2429.00
2025-11-27 08:00:00,2429.00,2441.71,2427.62,2439.39
2025-11-27 12:00:00,2439.39,2441.55,2434.61,2435.10
2025-11-27 16:00:00,2435.10,2437.63,2428.77,2437.19
2025-11-27 20:00:00,2437.19,2442.89,2436.83,2441.53
2025-11-28 00:00:00,2441.53,2444.58,2440.84,2443.27
2025-11-28 04:00:00,2443.27,2444.44,2437.18,2440.97
2025-11-28 08:00:00,2440.97,2441.34,2435.93,2439.32
2025-11-28 12:00:00,2439.32,2442.86,2427.59,2433.51
2025-11-28 16:00:00,2433.51,2437.22,2431.93,2435.13
2025-11-28 20:00:00,2435.13,2436.01,2431.70,2433.58
2025-12-01 00:00:00,2433.58,2436.30,2432.66,2435.65
2025-12-01 04:00:00,2435.65,2440.81,2435.32,2439.46
2025-12-01 08:00:00,2439.46,2446.23,2434.87,2439.28
2025-12-01 12:00:00,2439.28,2440.54,2432.65,2439.27
2025-12-01 16:00:00,2439.27,2445.94,2439.18,2442.03
2025-12-01 20:00:00,2442.03,2444.38,2440.79,2443.18
2025-12-02 00:00:00,2443.18,2446.21,2440.94,2445.45
2025-12-02 04:00:00,2445.45,2447.26,2441.75,2442.49
2025-12-02 08:00:00,2442.49,2445.78,2437.68,2439.88
2025-12-02 12:00:00,2439.88,2443.35,2432.97,2440.74
2025-12-02 16:00:00,2440.74,2447.40,2440.51,2443.93
2025-12-02 20:00:00,2443.93,2446.20,2441.53,2444.68
2025-12-03 00:00:00,2444.68,2450.59,2444.39,2450.14
2025-12-03 04:00:00,2450.14,2450.75,2446.33,2447.40
2025-12-03 08:00:00,2447.40,2449.83,2436.90,2448.10
2025-12-03 12:00:00,2448.10,2451.15,2443.03,2446.74
2025-12-03 16:00:00,2446.74,2450.01,2440.18,2442.15
2025-12-03 20:00:00,2442.15,2443.88,2439.96,2440.94
2025-12-04 00:00:00,2440.94,2441.95,2437.66,2438.09
2025-12-04 04:00:00,2438.09,2442.90,2435.90,2442.69
2025-12-04 08:00:00,2442.69,2445.55,2437.62,2438.63
2025-12-04 12:00:00,2438.63,2439.33,2421.90,2422.72
2025-12-04 16:00:00,2422.72,2431.62,2420.20,2426.76
2025-12-04 20:00:00,2426.76,2426.95,2423.26,2423.71
2025-12-05 00:00:00,2423.71,2425.13,2422.11,2423.95
2025-12-05 04:00:00,2423.95,2428.16,2420.71,2427.62
2025-12-05 08:00:00,2427.62,2432.84,2426.39,2429.87
2025-12-05 12:00:00,2429.87,2432.75,2422.38,2423.11
2025-12-05 16:00:00,2423.11,2427.90,2422.36,2425.35
2025-12-05 20:00:00,2425.35,2425.57,2419.36,2422.06
2025-12-08 00:00:00,2422.06,2428.06,2421.06,2426.95
2025-12-08 04:00:00,2426.95,2427.85,2423.03,2424.03
2025-12-08 08:00:00,2424.03,2425.73,2412.41,2413.53
2025-12-08 12:00:00,2413.53,2421.33,2404.48,2407.52
2025-12-08 16:00:00,2407.52,2412.56,2404.75,2409.40
2025-12-08 20:00:00,2409.40,2414.15,2406.93,2412.58
2025-12-09 00:00:00,2412.58,2417.35,2411.32,2416.46
2025-12-09 04:00:00,2416.46,2420.71,2415.37,2418.47
2025-12-09 08:00:00,2418.47,2422.31,2407.69,2409.62
2025-12-09 12:00:00,2409.62,2411.00,2404.67,2405.58
2025-12-09 16:00:00,2405.58,2413.11,2401.22,2410.92
2025-12-09 20:00:00,2410.92,2412.21,2409.98,2410.75
2025-12-10 00:00:00,2410.75,2414.44,2410.11,2413.14
2025-12-10 04:00:00,2413.14,2422.85,2411.77,2422.47
2025-12-10 08:00:00,2422.47,2425.10,2417.42,2420.10
2025-12-10 12:00:00,2420.10,2421.90,2411.21,2412.31
2025-12-10 16:00:00,2412.31,2422.90,2410.35,2421.73
2025-12-10 20:00:00,2421.73,2423.33,2413.81,2414.11
2025-12-11 00:00:00,2414.11,2416.24,2413.36,2414.99
2025-12-11 04:00:00,2414.99,2418.42,2413.93,2416.25
2025-12-11 08:00:00,2416.25,2425.24,2414.64,2420.27
2025-12-11 12:00:00,2420.27,2423.04,2415.96,2419.62
2025-12-11 16:00:00,2419.62,2420.55,2410.06,2411.56
2025-12-11 20:00:00,2411.56,2414.49,2409.24,2409.37
2025-12-12 00:00:00,2409.37,2414.44,2408.64,2414.29
2025-12-12 04:00:00,2414.29,2416.47,2411.26,2412.62
2025-12-12 08:00:00,2412.62,2418.01,2409.09,2416.69
2025-12-12 12:00:00,2416.69,2419.93,2409.83,2411.40
2025-12-12 16:00:00,2411.40,2418.69,2410.36,2414.50
2025-12-12 20:00:00,2414.50,2417.00,2413.81,2416.60
2025-12-15 00:00:00,2416.60,2419.95,2415.96,2417.94
2025-12-15 04:00:00,2417.94,2421.37,2417.17,2419.81
2025-12-15 08:00:00,2419.81,2420.70,2414.36,2417.16
2025-12-15 12:00:00,2417.16,2426.98,2415.82,2423.38
2025-12-15 16:00:00,2423.38,2424.40,2413.89,2414.53
2025-12-15 20:00:00,2414.53,2416.47,2410.88,2411.41
2025-12-16 00:00:00,2411.41,2413.92,2410.09,2412.07
2025-12-16 04:00:00,2412.07,2415.23,2410.91,2411.92
2025-12-16 08:00:00,2411.92,2412.25,2401.92,2402.53
2025-12-16 12:00:00,2402.53,2412.02,2397.61,2410.02
2025-12-16 16:00:00,2410.02,2412.44,2407.33,2407.70
2025-12-16 20:00:00,2407.70,2408.52,2402.21,2402.93
2025-12-17 00:00:00,2402.93,2404.07,2400.27,2401.23
2025-12-17 04:00:00,2401.23,2402.07,2394.88,2395.12
2025-12-17 08:00:00,2395.12,2400.98,2393.28,2397.41
2025-12-17 12:00:00,2397.41,2402.60,2390.16,2395.08
2025-12-17 16:00:00,2395.08,2396.25,2387.09,2388.46
2025-12-17 20:00:00,2388.46,2389.21,2383.59,2386.62
2025-12-18 00:00:00,2386.62,2391.69,2386.01,2390.14
2025-12-18 04:00:00,2390.14,2391.02,2383.95,2385.86
2025-12-18 08:00:00,2385.86,2391.99,2383.29,2391.07
2025-12-18 12:00:00,2391.07,2393.77,2383.78,2391.85
2025-12-18 16:00:00,2391.85,2398.83,2391.30,2397.30
2025-12-18 20:00:00,2397.30,2401.68,2394.93,2396.20
2025-12-19 00:00:00,2396.20,2399.50,2395.55,2399.23
2025-12-19 04:00:00,2399.23,2403.52,2394.94,2395.68
2025-12-19 08:00:00,2395.68,2400.06,2393.62,2397.29
2025-12-19 12:00:00,2397.29,2407.40,2396.33,2402.49
2025-12-19 16:00:00,2402.49,2404.99,2398.96,2402.88
2025-12-19 20:00:00,2402.88,2403.79,2398.09,2402.61
2025-12-22 00:00:00,2402.61,2403.96,2401.11,2401.58
2025-12-22 04:00:00,2401.58,2407.18,2400.12,2405.53
2025-12-22 08:00:00,2405.53,2412.94,2403.82,2410.47
2025-12-22 12:00:00,2410.47,2414.58,2402.10,2403.65
2025-12-22 16:00:00,2403.65,2405.96,2398.37,2402.54
2025-12-22 20:00:00,2402.54,2407.46,2400.37,2404.47
2025-12-23 00:00:00,2404.47,2406.84,2402.97,2406.62
2025-12-23 04:00:00,2406.62,2409.62,2404.22,2405.86
2025-12-23 08:00:00,2405.86,2408.34,2400.26,2401.85
2025-12-23 12:00:00,2401.85,2417.42,2401.55,2417.32
2025-12-23 16:00:00,2417.32,2423.28,2415.71,2418.92
2025-12-23 20:00:00,2418.92,2420.80,2416.14,2418.03
2025-12-24 00:00:00,2418.03,2422.59,2416.39,2422.18
2025-12-24 04:00:00,2422.18,2422.89,2415.50,2415.90
2025-12-24 08:00:00,2415.90,2416.80,2406.02,2411.32
2025-12-24 12:00:00,2411.32,2411.83,2402.57,2404.80
2025-12-24 16:00:00,2404.80,2409.84,2401.80,2402.16
2025-12-24 20:00:00,2402.16,2402.45,2398.53,2400.99
2025-12-25 00:00:00,2400.99,2405.45,2400.61,2404.66
2025-12-25 04:00:00,2404.66,2405.32,2400.14,2403.51
2025-12-25 08:00:00,2403.51,2417.05,2402.75,2416.67
2025-12-25 12:00:00,2416.67,2422.45,2410.69,2410.85
2025-12-25 16:00:00,2410.85,2419.30,2410.36,2416.63
2025-12-25 20:00:00,2416.63,2418.10,2411.06,2412.71
2025-12-26 00:00:00,2412.71,2414.14,2410.60,2413.87
2025-12-26 04:00:00,2413.87,2414.39,2407.78,2413.42
2025-12-26 08:00:00,2413.42,2417.22,2407.46,2413.67
2025-12-26 12:00:00,2413.67,2416.61,2405.25,2406.57
2025-12-26 16:00:00,2406.57,2407.30,2398.39,2398.54
2025-12-26 20:00:00,2398.54,2402.80,2397.57,2400.88
2025-12-29 00:00:00,2400.88,2402.89,2399.11,2402.06
2025-12-29 04:00:00,2402.06,2404.83,2400.25,2404.30
2025-12-29 08:00:00,2404.30,2413.40,2403.15,2410.15
2025-12-29 12:00:00,2410.15,2415.02,2406.66,2411.53
2025-12-29 16:00:00,2411.53,2422.46,2410.18,2420.22
2025-12-29 20:00:00,2420.22,2425.53,2419.48,2424.10
2025-12-30 00:00:00,2424.10,2427.24,2423.55,2426.86
2025-12-30 04:00:00,2426.86,2428.57,2421.86,2424.94
2025-12-30 08:00:00,2424.94,2425.23,2407.23,2413.17
2025-12-30 12:00:00,2413.17,2416.59,2409.58,2411.37
2025-12-30 16:00:00,2411.37,2417.25,2409.71,2414.53
2025-12-30 20:00:00,2414.53,2416.38,2412.49,2414.43
2025-12-31 00:00:00,2414.43,2415.28,2408.55,2410.18
2025-12-31 04:00:00,2410.18,2411.16,2405.72,2407.30
2025-12-31 08:00:00,2407.30,2411.09,2400.49,2405.38
2025-12-31 12:00:00,2405.38,2407.37,2398.52,2403.68
2025-12-31 16:00:00,2403.68,2407.75,2400.53,2406.05
2025-12-31 20:00:00,2406.05,2409.79,2402.98,2403.87
2026-01-01 00:00:00,2403.87,2405.61,2402.84,2403.27
2026-01-01 04:00:00,2403.27,2412.22,2403.19,2411.21
2026-01-01 08:00:00,2411.21,2424.53,2411.13,2420.60
2026-01-01 12:00:00,2420.60,2439.69,2419.72,2434.88
2026-01-01 16:00:00,2434.88,2439.96,2433.47,2436.72
2026-01-01 20:00:00,2436.72,2438.19,2432.51,2433.53
2026-01-02 00:00:00,2433.53,2433.66,2429.30,2429.59
2026-01-02 04:00:00,2429.59,2432.02,2427.60,2428.89
2026-01-02 08:00:00,2428.89,2438.09,2427.65,2437.02
2026-01-02 12:00:00,2437.02,2445.78,2434.51,2444.24
2026-01-02 16:00:00,2444.24,2449.57,2441.79,2449.45
2026-01-02 20:00:00,2449.45,2453.97,2448.36,2452.51
2026-01-05 00:00:00,2452.51,2453.87,2450.41,2451.11
2026-01-05 04:00:00,2451.11,2452.55,2446.40,2446.91
2026-01-05 08:00:00,2446.91,2447.75,2438.98,2444.04
2026-01-05 12:00:00,2444.04,2460.87,2443.35,2460.39
2026-01-05 16:00:00,2460.39,2462.26,2452.99,2454.31
2026-01-05 20:00:00,2454.31,2454.45,2450.44,2450.75
2026-01-06 00:00:00,2450.75,2451.13,2446.05,2446.39
2026-01-06 04:00:00,2446.39,2451.41,2446.01,2449.60
2026-01-06 08:00:00,2449.60,2456.17,2446.86,2450.21
2026-01-06 12:00:00,2450.21,2450.72,2440.38,2442.64
2026-01-06 16:00:00,2442.64,2446.45,2438.84,2444.88
2026-01-06 20:00:00,2444.88,2450.69,2442.94,2450.54
2026-01-07 00:00:00,2450.54,2454.23,2449.92,2452.68
2026-01-07 04:00:00,2452.68,2456.97,2451.16,2456.51
2026-01-07 08:00:00,2456.51,2459.12,2452.91,2458.29
2026-01-07 12:00:00,2458.29,2458.81,2449.40,2452.25
2026-01-07 16:00:00,2452.25,2453.88,2447.61,2452.35
2026-01-07 20:00:00,2452.35,2455.58,2450.78,2454.95
2026-01-08 00:00:00,2454.95,2455.34,2451.86,2455.13
2026-01-08 04:00:00,2455.13,2457.55,2452.11,2455.46
2026-01-08 08:00:00,2455.46,2469.40,2454.82,2468.20
2026-01-08 12:00:00,2468.20,2477.44,2465.49,2476.44
2026-01-08 16:00:00,2476.44,2476.66,2467.93,2472.56
2026-01-08 20:00:00,2472.56,2475.31,2468.16,2468.80
2026-01-09 00:00:00,2468.80,2469.35,2466.19,2466.80
2026-01-09 04:00:00,2466.80,2474.07,2466.39,2471.44
2026-01-09 08:00:00,2471.44,2474.14,2466.87,2469.57
2026-01-09 12:00:00,2469.57,2474.96,2469.21,2471.10
2026-01-09 16:00:00,2471.10,2471.21,2462.90,2465.40
2026-01-09 20:00:00,2465.40,2467.04,2461.37,2463.94
2026-01-12 00:00:00,2463.94,2466.38,2460.87,2464.74
2026-01-12 04:00:00,2464.74,2466.08,2461.48,2462.11
2026-01-12 08:00:00,2462.11,2470.82,2458.01,2459.15
2026-01-12 12:00:00,2459.15,2460.30,2445.65,2448.91
2026-01-12 16:00:00,2448.91,2450.04,2440.62,2441.44
2026-01-12 20:00:00,2441.44,2442.58,2436.56,2437.44
2026-01-13 00:00:00,2437.44,2439.96,2436.63,2437.43
2026-01-13 04:00:00,2437.43,2438.03,2431.21,2434.52
2026-01-13 08:00:00,2434.52,2437.75,2430.33,2435.52
2026-01-13 12:00:00,2435.52,2444.38,2432.34,2441.22
2026-01-13 16:00:00,2441.22,2442.76,2436.57,2437.57
2026-01-13 20:00:00,2437.57,2439.28,2434.20,2436.95
2026-01-14 00:00:00,2436.95,2437.46,2434.24,2437.14
2026-01-14 04:00:00,2437.14,2443.31,2436.66,2443.02
2026-01-14 08:00:00,2443.02,2449.33,2438.33,2446.15
2026-01-14 12:00:00,2446.15,2446.84,2437.91,2439.66
2026-01-14 16:00:00,2439.66,2445.64,2436.25,2445.07
2026-01-14 20:00:00,2445.07,2448.26,2441.93,2442.13
2026-01-15 00:00:00,2442.13,2442.28,2437.02,2437.86
2026-01-15 04:00:00,2437.86,2438.41,2428.59,2432.30
2026-01-15 08:00:00,2432.30,2432.98,2425.90,2428.06
2026-01-15 12:00:00,2428.06,2435.16,2427.13,2433.70
2026-01-15 16:00:00,2433.70,2439.79,2431.91,2437.02
2026-01-15 20:00:00,2437.02,2441.54,2434.05,2440.46
2026-01-16 00:00:00,2440.46,2442.04,2437.90,2439.26
2026-01-16 04:00:00,2439.26,2439.59,2433.19,2433.61
2026-01-16 08:00:00,2433.61,2436.76,2427.50,2434.38
2026-01-16 12:00:00,2434.38,2449.97,2433.48,2447.01
2026-01-16 16:00:00,2447.01,2449.97,2442.09,2442.75
2026-01-16 20:00:00,2442.75,2446.48,2440.82,2444.75
2026-01-19 00:00:00,2444.75,2444.94,2440.62,2441.08
2026-01-19 04:00:00,2441.08,2441.25,2435.96,2437.61
2026-01-19 08:00:00,2437.61,2450.22,2437.21,2449.64
2026-01-19 12:00:00,2449.64,2455.80,2447.84,2452.76
2026-01-19 16:00:00,2452.76,2462.39,2449.72,2461.34
2026-01-19 20:00:00,2461.34,2463.63,2458.75,2460.51
2026-01-20 00:00:00,2460.51,2461.23,2457.67,2459.19
2026-01-20 04:00:00,2459.19,2461.49,2456.17,2457.25
2026-01-20 08:00:00,2457.25,2457.62,2449.89,2451.62
2026-01-20 12:00:00,2451.62,2464.93,2450.58,2462.65
2026-01-20 16:00:00,2462.65,2467.30,2461.10,2464.82
2026-01-20 20:00:00,2464.82,2472.39,2463.17,2471.20
2026-01-21 00:00:00,2471.20,2472.20,2466.41,2466.67
2026-01-21 04:00:00,2466.67,2467.99,2463.40,2466.63
2026-01-21 08:00:00,2466.63,2467.96,2456.40,2461.61
2026-01-21 12:00:00,2461.61,2461.91,2453.01,2454.52
2026-01-21 16:00:00,2454.52,2455.70,2449.76,2454.68
2026-01-21 20:00:00,2454.68,2460.71,2453.46,2459.04
2026-01-22 00:00:00,2459.04,2461.73,2457.38,2457.66
2026-01-22 04:00:00,2457.66,2458.99,2452.32,2453.21
2026-01-22 08:00:00,2453.21,2454.49,2442.05,2444.48
2026-01-22 12:00:00,2444.48,2447.10,2437.96,2439.33
2026-01-22 16:00:00,2439.33,2442.53,2434.74,2441.55
2026-01-22 20:00:00,2441.55,2443.91,2439.94,2442.26
2026-01-23 00:00:00,2442.26,2443.50,2436.60,2439.28
2026-01-23 04:00:00,2439.28,2439.47,2431.65,2432.25
2026-01-23 08:00:00,2432.25,2438.60,2430.18,2430.91
2026-01-23 12:00:00,2430.91,2433.50,2421.96,2425.21
2026-01-23 16:00:00,2425.21,2434.07,2424.93,2430.45
2026-01-23 20:00:00,2430.45,2433.61,2429.38,2431.38
2026-01-26 00:00:00,2431.38,2433.57,2430.08,2431.56
2026-01-26 04:00:00,2431.56,2431.91,2424.46,2429.57
2026-01-26 08:00:00,2429.57,2430.40,2422.22,2424.18
2026-01-26 12:00:00,2424.18,2432.01,2423.33,2428.61
2026-01-26 16:00:00,2428.61,2432.03,2419.85,2421.46
2026-01-26 20:00:00,2421.46,2424.92,2421.20,2422.34
2026-01-27 00:00:00,2422.34,2423.52,2419.92,2421.28
2026-01-27 04:00:00,2421.28,2427.84,2420.19,2424.39
2026-01-27 08:00:00,2424.39,2428.89,2419.19,2424.07
2026-01-27 12:00:00,2424.07,2428.47,2416.67,2418.20
2026-01-27 16:00:00,2418.20,2424.21,2417.46,2421.57
2026-01-27 20:00:00,2421.57,2422.23,2417.35,2417.94
2026-01-28 00:00:00,2417.94,2421.91,2417.42,2419.25
2026-01-28 04:00:00,2419.25,2424.16,2418.96,2420.25
2026-01-28 08:00:00,2420.25,2420.95,2406.86,2410.59
2026-01-28 12:00:00,2410.59,2415.39,2404.16,2404.40
2026-01-28 16:00:00,2404.40,2407.23,2398.04,2404.25
2026-01-28 20:00:00,2404.25,2410.26,2403.85,2408.90
2026-01-29 00:00:00,2408.90,2412.28,2408.57,2410.35
2026-01-29 04:00:00,2410.35,2410.49,2401.91,2408.33
2026-01-29 08:00:00,2408.33,2417.55,2407.65,2416.63
2026-01-29 12:00:00,2416.63,2424.01,2414.98,2417.43
2026-01-29 16:00:00,2417.43,2419.68,2412.24,2418.79
2026-01-29 20:00:00,2418.79,2421.42,2417.98,2419.16
2026-01-30 00:00:00,2419.16,2421.41,2417.57,2421.01
2026-01-30 04:00:00,2421.01,2425.39,2419.61,2424.05
2026-01-30 08:00:00,2424.05,2430.70,2423.06,2429.43
2026-01-30 12:00:00,2429.43,2438.84,2422.45,2434.29
2026-01-30 16:00:00,2434.29,2441.55,2431.56,2440.99
2026-01-30 20:00:00,2440.99,2443.76,2434.98,2435.39
2026-02-02 00:00:00,2435.39,2436.12,2432.55,2433.41
2026-02-02 04:00:00,2433.41,2437.49,2431.89,2436.25
2026-02-02 08:00:00,2436.25,2442.14,2434.96,2436.71
2026-02-02 12:00:00,2436.71,2439.78,2429.05,2432.74
2026-02-02 16:00:00,2432.74,2437.04,2426.58,2429.74
2026-02-02 20:00:00,2429.74,2431.71,2427.30,2431.09
2026-02-03 00:00:00,2431.09,2435.15,2430.90,2433.25
2026-02-03 04:00:00,2433.25,2437.60,2432.41,2436.13
2026-02-03 08:00:00,2436.13,2445.51,2435.05,2444.48
2026-02-03 12:00:00,2444.48,2447.16,2438.62,2445.62
2026-02-03 16:00:00,2445.62,2450.34,2444.20,2447.57
2026-02-03 20:00:00,2447.57,2450.49,2447.02,2448.92
2026-02-04 00:00:00,2448.92,2449.44,2445.34,2445.53
2026-02-04 04:00:00,2445.53,2448.73,2442.73,2448.21
2026-02-04 08:00:00,2448.21,2457.74,2447.56,2453.30
2026-02-04 12:00:00,2453.30,2458.07,2448.92,2455.15
2026-02-04 16:00:00,2455.15,2455.84,2446.46,2454.46
2026-02-04 20:00:00,2454.46,2458.51,2453.70,2457.04
2026-02-05 00:00:00,2457.04,2458.63,2454.95,2455.17
2026-02-05 04:00:00,2455.17,2461.89,2453.94,2460.78
2026-02-05 08:00:00,2460.78,2464.54,2456.05,2458.68
2026-02-05 12:00:00,2458.68,2461.41,2450.45,2453.73
2026-02-05 16:00:00,2453.73,2454.25,2447.00,2449.75
2026-02-05 20:00:00,2449.75,2452.03,2447.03,2448.42
2026-02-06 00:00:00,2448.42,2449.11,2445.13,2447.33
2026-02-06 04:00:00,2447.33,2447.94,2444.77,2446.35
2026-02-06 08:00:00,2446.35,2448.42,2439.82,2446.40
2026-02-06 12:00:00,2446.40,2446.58,2428.17,2438.13
2026-02-06 16:00:00,2438.13,2438.83,2426.47,2429.42
2026-02-06 20:00:00,2429.42,2432.26,2428.65,2430.50
2026-02-09 00:00:00,2430.50,2430.87,2426.90,2427.81
2026-02-09 04:00:00,2427.81,2429.41,2419.21,2419.60
2026-02-09 08:00:00,2419.60,2424.22,2418.22,2422.70
2026-02-09 12:00:00,2422.70,2430.77,2421.65,2429.83
2026-02-09 16:00:00,2429.83,2432.82,2425.08,2426.03
2026-02-09 20:00:00,2426.03,2427.13,2423.50,2423.79
2026-02-10 00:00:00,2423.79,2424.12,2419.89,2422.56
2026-02-10 04:00:00,2422.56,2424.72,2419.00,2423.85
2026-02-10 08:00:00,2423.85,2432.70,2423.24,2428.70
2026-02-10 12:00:00,2428.70,2429.81,2420.05,2424.16
2026-02-10 16:00:00,2424.16,2425.91,2422.24,2423.46
2026-02-10 20:00:00,2423.46,2425.79,2421.95,2425.15
2026-02-11 00:00:00,2425.15,2430.07,2424.70,2429.55
2026-02-11 04:00:00,2429.55,2431.45,2426.01,2430.31
2026-02-11 08:00:00,2430.31,2436.87,2429.24,2433.07
2026-02-11 12:00:00,2433.07,2437.90,2428.89,2434.24
2026-02-11 16:00:00,2434.24,2439.55,2429.10,2439.13
2026-02-11 20:00:00,2439.13,2445.42,2438.75,2441.08
2026-02-12 00:00:00,2441.08,2442.02,2437.67,2439.40
2026-02-12 04:00:00,2439.40,2441.21,2435.28,2437.10
2026-02-12 08:00:00,2437.10,2440.27,2432.29,2436.28
2026-02-12 12:00:00,2436.28,2442.95,2434.10,2440.38
2026-02-12 16:00:00,2440.38,2444.08,2439.18,2442.02
2026-02-12 20:00:00,2442.02,2445.48,2441.18,2442.54
2026-02-13 00:00:00,2442.54,2443.12,2433.33,2434.66
2026-02-13 04:00:00,2434.66,2438.98,2434.25,2435.43
2026-02-13 08:00:00,2435.43,2444.03,2433.38,2439.58
2026-02-13 12:00:00,2439.58,2444.45,2435.38,2440.12
2026-02-13 16:00:00,2440.12,2447.63,2439.70,2445.03
2026-02-13 20:00:00,2445.03,2448.89,2442.95,2448.22
2026-02-16 00:00:00,2448.22,2450.22,2446.83,2448.14
2026-02-16 04:00:00,2448.14,2450.57,2446.27,2450.39
2026-02-16 08:00:00,2450.39,2455.71,2445.74,2454.81
2026-02-16 12:00:00,2454.81,2456.97,2446.83,2456.64
2026-02-16 16:00:00,2456.64,2462.12,2454.13,2455.65
2026-02-16 20:00:00,2455.65,2458.14,2453.61,2457.76
2026-02-17 00:00:00,2457.76,2459.22,2455.65,2459.11
2026-02-17 04:00:00,2459.11,2468.46,2458.63,2464.27
2026-02-17 08:00:00,2464.27,2474.98,2462.83,2470.68
2026-02-17 12:00:00,2470.68,2471.02,2461.52,2462.80
2026-02-17 16:00:00,2462.80,2468.23,2460.04,2465.95
2026-02-17 20:00:00,2465.95,2466.32,2460.42,2462.31
2026-02-18 00:00:00,2462.31,2465.32,2460.72,2461.41
2026-02-18 04:00:00,2461.41,2462.97,2455.23,2460.18
2026-02-18 08:00:00,2460.18,2460.95,2450.14,2453.70
2026-02-18 12:00:00,2453.70,2457.16,2448.74,2450.24
2026-02-18 16:00:00,2450.24,2456.43,2448.33,2451.03
2026-02-18 20:00:00,2451.03,2459.97,2450.26,2454.36
2026-02-19 00:00:00,2454.36,2458.36,2452.52,2456.90
2026-02-19 04:00:00,2456.90,2458.89,2454.74,2455.21
2026-02-19 08:00:00,2455.21,2461.51,2450.37,2454.34
2026-02-19 12:00:00,2454.34,2469.21,2454.00,2465.98
2026-02-19 16:00:00,2465.98,2473.55,2465.58,2468.16
2026-02-19 20:00:00,2468.16,2468.35,2462.05,2463.10
2026-02-20 00:00:00,2463.10,2465.28,2461.33,2462.68
2026-02-20 04:00:00,2462.68,2464.05,2457.48,2459.25
2026-02-20 08:00:00,2459.25,2470.60,2458.98,2467.77
2026-02-20 12:00:00,2467.77,2469.70,2451.70,2454.42
2026-02-20 16:00:00,2454.42,2455.87,2449.69,2453.54
2026-02-20 20:00:00,2453.54,2455.44,2451.47,2454.25
2026-02-23 00:00:00,2454.25,2455.24,2452.03,2453.31
2026-02-23 04:00:00,2453.31,2455.42,2451.88,2453.46
2026-02-23 08:00:00,2453.46,2460.23,2451.64,2459.15
2026-02-23 12:00:00,2459.15,2470.54,2456.03,2463.95
2026-02-23 16:00:00,2463.95,2465.54,2451.89,2454.93
2026-02-23 20:00:00,2454.93,2458.27,2454.27,2456.26
2026-02-24 00:00:00,2456.26,2459.64,2453.99,2458.61
2026-02-24 04:00:00,2458.61,2459.63,2454.93,2457.45
2026-02-24 08:00:00,2457.45,2462.41,2454.72,2459.07
2026-02-24 12:00:00,2459.07,2466.64,2457.55,2463.86
2026-02-24 16:00:00,2463.86,2469.34,2461.88,2464.41
2026-02-24 20:00:00,2464.41,2467.49,2462.76,2463.78
2026-02-25 00:00:00,2463.78,2465.00,2461.84,2464.22
2026-02-25 04:00:00,2464.22,2465.09,2461.01,2462.68
2026-02-25 08:00:00,2462.68,2469.88,2458.87,2468.27
2026-02-25 12:00:00,2468.27,2476.78,2466.46,2475.42
2026-02-25 16:00:00,2475.42,2482.77,2473.09,2482.60
2026-02-25 20:00:00,2482.60,2487.47,2482.03,2486.93
2026-02-26 00:00:00,2486.93,2489.33,2486.32,2488.10
2026-02-26 04:00:00,2488.10,2492.52,2487.23,2489.91
2026-02-26 08:00:00,2489.91,2490.52,2479.29,2480.44
2026-02-26 12:00:00,2480.44,2491.81,2478.68,2490.76
2026-02-26 16:00:00,2490.76,2495.99,2487.62,2494.32
2026-02-26 20:00:00,2494.32,2496.28,2492.17,2494.68
2026-02-27 00:00:00,2494.68,2496.33,2493.36,2494.13
2026-02-27 04:00:00,2494.13,2497.99,2493.80,2495.57
2026-02-27 08:00:00,2495.57,2499.66,2489.10,2489.50
2026-02-27 12:00:00,2489.50,2501.01,2488.28,2500.52
2026-02-27 16:00:00,2500.52,2501.42,2494.81,2495.93
2026-02-27 20:00:00,2495.93,2497.57,2493.32,2497.25
2026-03-02 00:00:00,2497.25,2500.74,2496.49,2498.85
2026-03-02 04:00:00,2498.85,2502.98,2496.42,2499.07
2026-03-02 08:00:00,2499.07,2503.22,2494.08,2496.97
2026-03-02 12:00:00,2496.97,2501.54,2490.51,2491.37
2026-03-02 16:00:00,2491.37,2492.61,2485.90,2486.83
2026-03-02 20:00:00,2486.83,2489.73,2485.90,2488.58
2026-03-03 00:00:00,2488.58,2488.75,2484.40,2485.56
2026-03-03 04:00:00,2485.56,2489.85,2482.96,2488.74
2026-03-03 08:00:00,2488.74,2492.28,2485.10,2489.21
2026-03-03 12:00:00,2489.21,2491.50,2482.69,2487.78
2026-03-03 16:00:00,2487.78,2490.33,2483.94,2487.31
2026-03-03 20:00:00,2487.31,2491.80,2486.69,2490.30
2026-03-04 00:00:00,2490.30,2492.79,2488.94,2491.63
2026-03-04 04:00:00,2491.63,2496.61,2489.60,2490.19
2026-03-04 08:00:00,2490.19,2493.42,2483.16,2488.36
2026-03-04 12:00:00,2488.36,2492.59,2481.51,2485.38
2026-03-04 16:00:00,2485.38,2490.17,2483.99,2487.07
2026-03-04 20:00:00,2487.07,2491.43,2486.59,2489.70
2026-03-05 00:00:00,2489.70,2494.67,2489.51,2493.69
2026-03-05 04:00:00,2493.69,2497.03,2492.19,2495.90
2026-03-05 08:00:00,2495.90,2503.63,2494.89,2503.14
2026-03-05 12:00:00,2503.14,2509.51,2498.19,2500.51
2026-03-05 16:00:00,2500.51,2509.65,2499.44,2501.10
2026-03-05 20:00:00,2501.10,2501.80,2498.27,2500.33
2026-03-06 00:00:00,2500.33,2502.63,2499.55,2499.85
2026-03-06 04:00:00,2499.85,2500.90,2487.59,2488.18
2026-03-06 08:00:00,2488.18,2491.18,2482.20,2487.61
2026-03-06 12:00:00,2487.61,2495.85,2483.72,2492.91
2026-03-06 16:00:00,2492.91,2498.75,2491.77,2493.13
2026-03-06 20:00:00,2493.13,2493.62,2487.41,2488.25
2026-03-09 00:00:00,2488.25,2488.36,2484.34,2486.00
2026-03-09 04:00:00,2486.00,2489.41,2484.10,2487.20
2026-03-09 08:00:00,2487.20,2489.70,2478.72,2482.28
2026-03-09 12:00:00,2482.28,2491.47,2476.52,2488.87
2026-03-09 16:00:00,2488.87,2490.30,2482.57,2487.20
2026-03-09 20:00:00,2487.20,2493.59,2486.47,2493.18
2026-03-10 00:00:00,2493.18,2494.78,2488.53,2491.98
2026-03-10 04:00:00,2491.98,2493.64,2488.84,2490.44
2026-03-10 08:00:00,2490.44,2497.45,2489.82,2494.93
2026-03-10 12:00:00,2494.93,2497.49,2489.12,2493.58
2026-03-10 16:00:00,2493.58,2496.21,2489.91,2493.61
2026-03-10 20:00:00,2493.61,2497.19,2489.74,2491.17
2026-03-11 00:00:00,2491.17,2494.22,2490.50,2493.17
2026-03-11 04:00:00,2493.17,2500.67,2492.70,2499.42
2026-03-11 08:00:00,2499.42,2506.00,2495.12,2504.19
2026-03-11 12:00:00,2504.19,2504.76,2498.37,2499.18
2026-03-11 16:00:00,2499.18,2500.56,2492.06,2492.47
2026-03-11 20:00:00,2492.47,2494.26,2491.16,2491.78
2026-03-12 00:00:00,2491.78,2491.99,2487.10,2488.28
2026-03-12 04:00:00,2488.28,2490.00,2480.44,2482.85
2026-03-12 08:00:00,2482.85,2483.24,2475.25,2476.28
2026-03-12 12:00:00,2476.28,2483.76,2475.16,2481.80
2026-03-12 16:00:00,2481.80,2482.03,2469.23,2469.74
2026-03-12 20:00:00,2469.74,2470.80,2466.91,2468.83
2026-03-13 00:00:00,2468.83,2469.23,2464.16,2468.22
2026-03-13 04:00:00,2468.22,2472.91,2467.10,2471.67
2026-03-13 08:00:00,2471.67,2478.24,2464.82,2477.73
2026-03-13 12:00:00,2477.73,2480.49,2466.81,2468.18
2026-03-13 16:00:00,2468.18,2473.42,2466.65,2470.13
2026-03-13 20:00:00,2470.13,2472.87,2466.45,2469.65
2026-03-16 00:00:00,2469.65,2470.78,2465.08,2465.32
2026-03-16 04:00:00,2465.32,2469.74,2464.77,2468.76
2026-03-16 08:00:00,2468.76,2469.69,2458.43,2459.19
2026-03-16 12:00:00,2459.19,2462.01,2454.49,2460.93
2026-03-16 16:00:00,2460.93,2461.69,2451.61,2452.31
2026-03-16 20:00:00,2452.31,2455.10,2449.37,2451.31
2026-03-17 00:00:00,2451.31,2453.05,2449.22,2451.22
2026-03-17 04:00:00,2451.22,2456.89,2449.99,2455.79
2026-03-17 08:00:00,2455.79,2456.36,2438.98,2439.48
2026-03-17 12:00:00,2439.48,2447.90,2433.53,2447.12
2026-03-17 16:00:00,2447.12,2451.96,2441.11,2451.17
2026-03-17 20:00:00,2451.17,2452.74,2446.54,2449.08
2026-03-18 00:00:00,2449.08,2452.14,2448.07,2448.87
2026-03-18 04:00:00,2448.87,2452.23,2443.12,2443.51
2026-03-18 08:00:00,2443.51,2447.00,2435.54,2439.34
2026-03-18 12:00:00,2439.34,2443.27,2433.69,2442.58
2026-03-18 16:00:00,2442.58,2443.76,2435.74,2442.70
2026-03-18 20:00:00,2442.70,2448.09,2442.13,2446.93
2026-03-19 00:00:00,2446.93,2449.35,2445.58,2448.01
2026-03-19 04:00:00,2448.01,2448.59,2442.61,2446.56
2026-03-19 08:00:00,2446.56,2452.77,2443.45,2445.47
2026-03-19 12:00:00,2445.47,2448.45,2441.03,2442.37
2026-03-19 16:00:00,2442.37,2445.50,2439.18,2441.41
2026-03-19 20:00:00,2441.41,2442.21,2436.80,2441.25
2026-03-20 00:00:00,2441.25,2441.45,2436.24,2436.47
2026-03-20 04:00:00,2436.47,2437.93,2432.22,2436.60
2026-03-20 08:00:00,2436.60,2449.37,2436.12,2441.26
2026-03-20 12:00:00,2441.26,2443.39,2437.11,2438.07
2026-03-20 16:00:00,2438.07,2439.66,2424.62,2428.21
2026-03-20 20:00:00,2428.21,2431.03,2424.55,2430.75
2026-03-23 00:00:00,2430.75,2431.65,2425.87,2427.38
2026-03-23 04:00:00,2427.38,2432.02,2427.17,2431.11
2026-03-23 08:00:00,2431.11,2432.07,2425.85,2429.10
2026-03-23 12:00:00,2429.10,2434.98,2421.47,2423.41
2026-03-23 16:00:00,2423.41,2427.78,2421.50,2422.79
2026-03-23 20:00:00,2422.79,2426.06,2421.09,2425.97
2026-03-24 00:00:00,2425.97,2426.39,2421.01,2422.36
2026-03-24 04:00:00,2422.36,2428.65,2421.46,2426.79
2026-03-24 08:00:00,2426.79,2429.66,2421.40,2422.87
2026-03-24 12:00:00,2422.87,2430.22,2421.84,2428.50
2026-03-24 16:00:00,2428.50,2430.31,2421.90,2422.22
2026-03-24 20:00:00,2422.22,2426.56,2421.22,2424.91
2026-03-25 00:00:00,2424.91,2428.54,2424.23,2427.87
2026-03-25 04:00:00,2427.87,2428.08,2418.28,2420.60
2026-03-25 08:00:00,2420.60,2422.12,2407.58,2408.44
2026-03-25 12:00:00,2408.44,2409.91,2402.54,2406.08
2026-03-25 16:00:00,2406.08,2413.94,2403.37,2413.69
2026-03-25 20:00:00,2413.69,2416.94,2412.60,2416.71
2026-03-26 00:00:00,2416.71,2419.82,2416.11,2419.29
2026-03-26 04:00:00,2419.29,2425.28,2418.19,2424.82
2026-03-26 08:00:00,2424.82,2432.98,2423.79,2427.77
2026-03-26 12:00:00,2427.77,2436.79,2423.75,2436.53
2026-03-26 16:00:00,2436.53,2437.30,2430.57,2434.35
2026-03-26 20:00:00,2434.35,2434.73,2431.57,2432.59
2026-03-27 00:00:00,2432.59,2433.13,2430.43,2430.83
2026-03-27 04:00:00,2430.83,2434.48,2429.91,2430.45
2026-03-27 08:00:00,2430.45,2441.34,2429.27,2439.79
2026-03-27 12:00:00,2439.79,2444.52,2434.25,2443.25
2026-03-27 16:00:00,2443.25,2450.22,2442.60,2446.40
2026-03-27 20:00:00,2446.40,2448.71,2445.19,2448.20
2026-03-30 00:00:00,2448.20,2450.12,2446.15,2448.23
2026-03-30 04:00:00,2448.23,2450.36,2444.85,2448.86
2026-03-30 08:00:00,2448.86,2459.14,2447.74,2457.56
2026-03-30 12:00:00,2457.56,2467.16,2455.55,2467.04
2026-03-30 16:00:00,2467.04,2474.29,2466.14,2469.98
2026-03-30 20:00:00,2469.98,2471.98,2466.52,2471.64
2026-03-31 00:00:00,2471.64,2475.27,2471.05,2474.53
2026-03-31 04:00:00,2474.53,2479.35,2473.18,2477.69
2026-03-31 08:00:00,2477.69,2482.03,2472.74,2477.60
2026-03-31 12:00:00,2477.60,2480.08,2470.92,2472.01
2026-03-31 16:00:00,2472.01,2474.47,2467.71,2468.26
2026-03-31 20:00:00,2468.26,2468.96,2463.97,2467.54
2026-04-01 00:00:00,2467.54,2468.38,2464.73,2466.67
2026-04-01 04:00:00,2466.67,2468.00,2463.24,2463.48
2026-04-01 08:00:00,2463.48,2463.91,2454.24,2458.88
2026-04-01 12:00:00,2458.88,2462.39,2450.38,2457.93
2026-04-01 16:00:00,2457.93,2459.94,2447.00,2447.36
2026-04-01 20:00:00,2447.36,2448.09,2442.32,2443.82
2026-04-02 00:00:00,2443.82,2445.21,2440.22,2442.05
2026-04-02 04:00:00,2442.05,2445.16,2439.51,2443.07
2026-04-02 08:00:00,2443.07,2450.87,2438.38,2449.02
2026-04-02 12:00:00,2449.02,2450.77,2442.53,2444.73
2026-04-02 16:00:00,2444.73,2446.70,2438.25,2445.16
2026-04-02 20:00:00,2445.16,2446.77,2441.95,2445.63
2026-04-03 00:00:00,2445.63,2448.11,2445.14,2447.07
2026-04-03 04:00:00,2447.07,2447.29,2440.39,2445.39
2026-04-03 08:00:00,2445.39,2452.01,2444.14,2448.76
2026-04-03 12:00:00,2448.76,2461.37,2448.07,2459.15
2026-04-03 16:00:00,2459.15,2460.29,2447.91,2449.18
2026-04-03 20:00:00,2449.18,2451.34,2447.89,2450.58
2026-04-06 00:00:00,2450.58,2450.89,2447.36,2449.40
2026-04-06 04:00:00,2449.40,2450.22,2445.26,2446.25
2026-04-06 08:00:00,2446.25,2453.51,2442.70,2452.13
2026-04-06 12:00:00,2452.13,2452.77,2443.75,2443.84
2026-04-06 16:00:00,2443.84,2446.46,2439.85,2445.11
2026-04-06 20:00:00,2445.11,2449.67,2443.30,2449.01
2026-04-07 00:00:00,2449.01,2450.68,2446.42,2446.92
2026-04-07 04:00:00,2446.92,2447.12,2442.77,2442.94
2026-04-07 08:00:00,2442.94,2456.68,2439.70,2453.72
2026-04-07 12:00:00,2453.72,2458.09,2451.13,2452.49
2026-04-07 16:00:00,2452.49,2455.02,2447.66,2449.83
2026-04-07 20:00:00,2449.83,2450.44,2445.70,2447.68
2026-04-08 00:00:00,2447.68,2448.82,2443.85,2444.98
2026-04-08 04:00:00,2444.98,2448.15,2442.72,2446.63
2026-04-08 08:00:00,2446.63,2462.48,2446.37,2462.19
2026-04-08 12:00:00,2462.19,2467.05,2458.89,2462.85
2026-04-08 16:00:00,2462.85,2466.96,2461.50,2463.25
2026-04-08 20:00:00,2463.25,2464.82,2458.48,2463.47
2026-04-09 00:00:00,2463.47,2465.62,2462.78,2463.78
2026-04-09 04:00:00,2463.78,2464.90,2460.19,2463.92
2026-04-09 08:00:00,2463.92,2473.22,2458.40,2472.55
2026-04-09 12:00:00,2472.55,2473.85,2465.65,2469.16
2026-04-09 16:00:00,2469.16,2470.13,2458.44,2461.59
2026-04-09 20:00:00,2461.59,2465.26,2456.77,2459.97
2026-04-10 00:00:00,2459.97,2462.92,2457.16,2457.64
2026-04-10 04:00:00,2457.64,2459.11,2453.28,2453.42
2026-04-10 08:00:00,2453.42,2455.78,2447.58,2447.86
2026-04-10 12:00:00,2447.86,2455.48,2447.70,2449.85
2026-04-10 16:00:00,2449.85,2458.08,2446.11,2452.98
2026-04-10 20:00:00,2452.98,2458.18,2451.12,2454.38
2026-04-13 00:00:00,2454.38,2455.27,2451.99,2453.41
2026-04-13 04:00:00,2453.41,2453.91,2449.20,2449.43
2026-04-13 08:00:00,2449.43,2461.09,2448.65,2459.75
2026-04-13 12:00:00,2459.75,2461.61,2447.78,2448.37
2026-04-13 16:00:00,2448.37,2455.49,2448.12,2450.55
2026-04-13 20:00:00,2450.55,2451.49,2444.87,2446.18
2026-04-14 00:00:00,2446.18,2447.39,2443.10,2444.56
2026-04-14 04:00:00,2444.56,2447.83,2442.27,2447.04
2026-04-14 08:00:00,2447.04,2453.48,2442.49,2452.74
2026-04-14 12:00:00,2452.74,2458.43,2451.37,2457.20
2026-04-14 16:00:00,2457.20,2465.48,2452.81,2463.36
2026-04-14 20:00:00,2463.36,2464.61,2461.91,2462.78
2026-04-15 00:00:00,2462.78,2464.73,2460.52,2461.47
2026-04-15 04:00:00,2461.47,2468.37,2461.29,2461.41
2026-04-15 08:00:00,2461.41,2466.40,2454.45,2456.95
2026-04-15 12:00:00,2456.95,2457.60,2447.58,2449.28
2026-04-15 16:00:00,2449.28,2466.79,2448.31,2465.58
2026-04-15 20:00:00,2465.58,2468.48,2463.00,2464.04
2026-04-16 00:00:00,2464.04,2465.43,2460.03,2460.28
2026-04-16 04:00:00,2460.28,2462.89,2457.01,2459.28
2026-04-16 08:00:00,2459.28,2463.10,2457.02,2462.88
2026-04-16 12:00:00,2462.88,2464.66,2456.62,2461.89
2026-04-16 16:00:00,2461.89,2465.01,2458.49,2461.12
2026-04-16 20:00:00,2461.12,2462.30,2458.31,2459.07
2026-04-17 00:00:00,2459.07,2461.14,2457.36,2460.20
2026-04-17 04:00:00,2460.20,2463.54,2459.66,2461.36
2026-04-17 08:00:00,2461.36,2463.17,2455.25,2459.59
2026-04-17 12:00:00,2459.59,2470.01,2459.22,2469.74
2026-04-17 16:00:00,2469.74,2471.00,2456.01,2458.57
2026-04-17 20:00:00,2458.57,2463.61,2457.13,2462.78
2026-04-20 00:00:00,2462.78,2463.07,2459.33,2460.98
2026-04-20 04:00:00,2460.98,2461.89,2446.54,2447.22
2026-04-20 08:00:00,2447.22,2449.81,2439.02,2440.70
2026-04-20 12:00:00,2440.70,2442.20,2432.45,2436.01
2026-04-20 16:00:00,2436.01,2438.89,2430.34,2434.41
2026-04-20 20:00:00,2434.41,2435.41,2430.06,2431.66
2026-04-21 00:00:00,2431.66,2434.58,2431.43,2434.32
2026-04-21 04:00:00,2434.32,2436.62,2427.11,2428.11
2026-04-21 08:00:00,2428.11,2437.33,2423.05,2423.69
2026-04-21 12:00:00,2423.69,2437.91,2423.59,2437.17
2026-04-21 16:00:00,2437.17,2439.20,2431.76,2435.34
2026-04-21 20:00:00,2435.34,2440.46,2434.91,2439.98
2026-04-22 00:00:00,2439.98,2442.77,2439.24,2442.04
2026-04-22 04:00:00,2442.04,2446.30,2440.74,2441.62
2026-04-22 08:00:00,2441.62,2441.92,2433.30,2434.93
2026-04-22 12:00:00,2434.93,2437.67,2421.61,2423.58
2026-04-22 16:00:00,2423.58,2428.63,2420.18,2424.37
2026-04-22 20:00:00,2424.37,2428.22,2423.13,2425.12
2026-04-23 00:00:00,2425.12,2430.70,2424.74,2430.44
2026-04-23 04:00:00,2430.44,2430.74,2423.81,2429.07
2026-04-23 08:00:00,2429.07,2434.97,2424.89,2426.55
2026-04-23 12:00:00,2426.55,2438.64,2425.17,2433.21
2026-04-23 16:00:00,2433.21,2437.49,2431.24,2435.76
2026-04-23 20:00:00,2435.76,2438.09,2431.60,2437.20
2026-04-24 00:00:00,2437.20,2437.86,2433.62,2435.18
2026-04-24 04:00:00,2435.18,2443.75,2434.46,2443.44
2026-04-24 08:00:00,2443.44,2446.94,2434.92,2435.41
2026-04-24 12:00:00,2435.41,2445.45,2432.30,2442.28
2026-04-24 16:00:00,2442.28,2443.17,2433.97,2441.84
2026-04-24 20:00:00,2441.84,2446.66,2441.16,2442.22
2026-04-27 00:00:00,2442.22,2444.34,2440.50,2441.88
2026-04-27 04:00:00,2441.88,2448.25,2439.70,2444.80
2026-04-27 08:00:00,2444.80,2455.97,2441.53,2455.67
2026-04-27 12:00:00,2455.67,2456.45,2439.22,2441.73
2026-04-27 16:00:00,2441.73,2442.77,2438.44,2441.52
2026-04-27 20:00:00,2441.52,2446.27,2440.65,2442.36
2026-04-28 00:00:00,2442.36,2447.21,2441.99,2445.65
2026-04-28 04:00:00,2445.65,2449.45,2444.17,2448.30
2026-04-28 08:00:00,2448.30,2454.76,2442.63,2454.20
2026-04-28 12:00:00,2454.20,2460.97,2451.96,2459.10
2026-04-28 16:00:00,2459.10,2459.39,2452.35,2452.98
2026-04-28 20:00:00,2452.98,2460.49,2452.23,2459.82
2026-04-29 00:00:00,2459.82,2462.03,2456.16,2458.67
2026-04-29 04:00:00,2458.67,2459.10,2453.28,2456.47
2026-04-29 08:00:00,2456.47,2465.38,2456.17,2460.86
2026-04-29 12:00:00,2460.86,2463.22,2454.63,2459.61
2026-04-29 16:00:00,2459.61,2460.31,2452.17,2457.42
2026-04-29 20:00:00,2457.42,2459.59,2453.53,2453.76
2026-04-30 00:00:00,2453.76,2456.51,2450.20,2450.44
2026-04-30 04:00:00,2450.44,2451.30,2445.27,2446.76
2026-04-30 08:00:00,2446.76,2447.62,2438.39,2442.60
2026-04-30 12:00:00,2442.60,2445.88,2434.51,2443.01
2026-04-30 16:00:00,2443.01,2444.22,2436.44,2440.89
2026-04-30 20:00:00,2440.89,2441.83,2434.30,2436.64
2026-05-01 00:00:00,2436.64,2441.77,2435.66,2441.05
2026-05-01 04:00:00,2441.05,2443.45,2436.29,2438.26
2026-05-01 08:00:00,2438.26,2448.50,2437.77,2445.38
2026-05-01 12:00:00,2445.38,2447.28,2437.18,2444.02
2026-05-01 16:00:00,2444.02,2444.58,2437.81,2440.54
2026-05-01 20:00:00,2440.54,2441.76,2436.70,2438.75
2026-05-04 00:00:00,2438.75,2439.30,2434.42,2434.63
2026-05-04 04:00:00,2434.63,2435.33,2429.54,2430.33
2026-05-04 08:00:00,2430.33,2430.61,2421.37,2422.84
2026-05-04 12:00:00,2422.84,2423.47,2415.46,2423.01
2026-05-04 16:00:00,2423.01,2425.57,2420.58,2424.95
2026-05-04 20:00:00,2424.95,2427.02,2423.92,2425.70
2026-05-05 00:00:00,2425.70,2427.58,2425.25,2426.33
2026-05-05 04:00:00,2426.33,2427.79,2421.63,2424.62
2026-05-05 08:00:00,2424.62,2431.73,2423.74,2429.97
2026-05-05 12:00:00,2429.97,2436.76,2427.95,2433.12
2026-05-05 16:00:00,2433.12,2433.21,2423.14,2426.08
2026-05-05 20:00:00,2426.08,2426.96,2420.09,2421.47
2026-05-06 00:00:00,2421.47,2423.90,2419.65,2423.37
2026-05-06 04:00:00,2423.37,2425.67,2420.67,2425.45
2026-05-06 08:00:00,2425.45,2427.04,2418.72,2422.04
2026-05-06 12:00:00,2422.04,2429.90,2420.06,2424.61
2026-05-06 16:00:00,2424.61,2425.78,2420.85,2424.29
2026-05-06 20:00:00,2424.29,2430.75,2424.16,2429.92
2026-05-07 00:00:00,2429.92,2430.58,2424.96,2429.11
2026-05-07 04:00:00,2429.11,2430.38,2424.04,2424.40
2026-05-07 08:00:00,2424.40,2429.70,2419.37,2423.57
2026-05-07 12:00:00,2423.57,2424.03,2408.14,2408.33
2026-05-07 16:00:00,2408.33,2411.03,2405.05,2410.44
2026-05-07 20:00:00,2410.44,2410.83,2405.50,2407.09
2026-05-08 00:00:00,2407.09,2409.82,2406.12,2406.99
2026-05-08 04:00:00,2406.99,2408.45,2401.84,2403.70
2026-05-08 08:00:00,2403.70,2405.07,2399.16,2401.13
2026-05-08 12:00:00,2401.13,2402.93,2389.09,2390.77
2026-05-08 16:00:00,2390.77,2393.44,2387.30,2389.70
2026-05-08 20:00:00,2389.70,2392.45,2386.73,2387.15
2026-05-11 00:00:00,2387.15,2387.29,2383.41,2384.75
2026-05-11 04:00:00,2384.75,2387.08,2383.16,2385.31
2026-05-11 08:00:00,2385.31,2386.14,2366.93,2374.73
2026-05-11 12:00:00,2374.73,2376.22,2367.20,2367.76
2026-05-11 16:00:00,2367.76,2381.90,2366.76,2379.49
2026-05-11 20:00:00,2379.49,2382.24,2377.79,2381.00
2026-05-12 00:00:00,2381.00,2381.21,2375.37,2380.49
2026-05-12 04:00:00,2380.49,2385.13,2380.02,2382.33
2026-05-12 08:00:00,2382.33,2389.61,2382.04,2384.31
2026-05-12 12:00:00,2384.31,2388.34,2381.75,2386.76
2026-05-12 16:00:00,2386.76,2389.79,2381.22,2384.94
2026-05-12 20:00:00,2384.94,2387.36,2384.28,2385.63
2026-05-13 00:00:00,2385.63,2392.36,2385.08,2390.46
2026-05-13 04:00:00,2390.46,2391.92,2387.54,2391.21
2026-05-13 08:00:00,2391.21,2391.96,2380.12,2385.54
2026-05-13 12:00:00,2385.54,2394.28,2383.61,2392.98
2026-05-13 16:00:00,2392.98,2397.97,2389.12,2395.31
2026-05-13 20:00:00,2395.31,2396.41,2390.26,2393.46
2026-05-14 00:00:00,2393.46,2396.82,2392.61,2394.09
2026-05-14 04:00:00,2394.09,2398.77,2393.27,2398.48
2026-05-14 08:00:00,2398.48,2400.05,2392.96,2395.86
2026-05-14 12:00:00,2395.86,2399.00,2390.24,2392.83
2026-05-14 16:00:00,2392.83,2396.38,2391.78,2392.74
2026-05-14 20:00:00,2392.74,2401.12,2392.32,2400.92
2026-05-15 00:00:00,2400.92,2401.50,2394.00,2394.44
2026-05-15 04:00:00,2394.44,2396.21,2390.72,2395.27
2026-05-15 08:00:00,2395.27,2398.73,2388.83,2397.72
2026-05-15 12:00:00,2397.72,2407.59,2394.58,2402.76
2026-05-15 16:00:00,2402.76,2408.36,2398.38,2399.64
2026-05-15 20:00:00,2399.64,2401.27,2392.70,2393.39
2026-05-18 00:00:00,2393.39,2396.21,2393.17,2395.97
2026-05-18 04:00:00,2395.97,2403.77,2395.57,2402.95
2026-05-18 08:00:00,2402.95,2405.88,2398.00,2404.21
2026-05-18 12:00:00,2404.21,2412.23,2403.40,2406.65
2026-05-18 16:00:00,2406.65,2410.31,2397.36,2398.33
2026-05-18 20:00:00,2398.33,2401.78,2397.27,2400.72
2026-05-19 00:00:00,2400.72,2400.88,2396.69,2397.64
2026-05-19 04:00:00,2397.64,2400.30,2395.24,2397.74
2026-05-19 08:00:00,2397.74,2400.70,2390.08,2390.41
2026-05-19 12:00:00,2390.41,2399.32,2388.69,2396.75
2026-05-19 16:00:00,2396.75,2400.24,2394.45,2398.32
2026-05-19 20:00:00,2398.32,2399.81,2396.10,2397.01
2026-05-20 00:00:00,2397.01,2397.97,2393.95,2394.12
2026-05-20 04:00:00,2394.12,2395.36,2389.81,2392.56
2026-05-20 08:00:00,2392.56,2395.37,2381.91,2383.21
2026-05-20 12:00:00,2383.21,2396.39,2382.25,2396.27
2026-05-20 16:00:00,2396.27,2398.74,2392.38,2393.55
2026-05-20 20:00:00,2393.55,2397.11,2392.03,2393.90
2026-05-21 00:00:00,2393.90,2395.34,2391.49,2393.39
2026-05-21 04:00:00,2393.39,2398.65,2392.36,2398.47
2026-05-21 08:00:00,2398.47,2403.63,2390.45,2392.69
2026-05-21 12:00:00,2392.69,2404.97,2391.27,2403.39
2026-05-21 16:00:00,2403.39,2408.26,2401.51,2404.20
2026-05-21 20:00:00,2404.20,2409.82,2403.38,2408.10
2026-05-22 00:00:00,2408.10,2412.13,2406.06,2411.04
2026-05-22 04:00:00,2411.04,2419.50,2410.07,2418.74
2026-05-22 08:00:00,2418.74,2429.84,2417.99,2423.19
2026-05-22 12:00:00,2423.19,2430.27,2421.20,2428.55
2026-05-22 16:00:00,2428.55,2433.79,2425.22,2428.48
2026-05-22 20:00:00,2428.48,2430.12,2422.85,2424.17
2026-05-25 00:00:00,2424.17,2426.36,2423.55,2425.01
2026-05-25 04:00:00,2425.01,2430.66,2423.60,2430.48
2026-05-25 08:00:00,2430.48,2432.85,2423.64,2426.81
2026-05-25 12:00:00,2426.81,2428.12,2419.97,2421.32
2026-05-25 16:00:00,2421.32,2423.90,2411.22,2412.28
2026-05-25 20:00:00,2412.28,2413.73,2407.92,2409.37
2026-05-26 00:00:00,2409.37,2412.47,2408.23,2408.63
2026-05-26 04:00:00,2408.63,2410.51,2404.64,2409.80
2026-05-26 08:00:00,2409.80,2411.54,2406.72,2408.61
2026-05-26 12:00:00,2408.61,2410.76,2400.59,2401.78
2026-05-26 16:00:00,2401.78,2411.25,2401.69,2408.24
2026-05-26 20:00:00,2408.24,2409.54,2405.26,2406.26
2026-05-27 00:00:00,2406.26,2406.92,2403.35,2403.44
2026-05-27 04:00:00,2403.44,2406.68,2400.03,2405.90
2026-05-27 08:00:00,2405.90,2411.69,2403.99,2404.63
2026-05-27 12:00:00,2404.63,2418.52,2404.52,2415.61
2026-05-27 16:00:00,2415.61,2415.82,2409.74,2411.85
2026-05-27 20:00:00,2411.85,2414.25,2410.21,2410.50
2026-05-28 00:00:00,2410.50,2411.77,2408.18,2408.27
2026-05-28 04:00:00,2408.27,2408.72,2402.82,2404.27
2026-05-28 08:00:00,2404.27,2410.14,2397.13,2404.57
2026-05-28 12:00:00,2404.57,2409.38,2397.07,2408.24
2026-05-28 16:00:00,2408.24,2412.07,2406.96,2408.60
2026-05-28 20:00:00,2408.60,2411.50,2405.61,2405.77
2026-05-29 00:00:00,2405.77,2409.99,2405.23,2409.49
2026-05-29 04:00:00,2409.49,2415.30,2408.81,2412.28
2026-05-29 08:00:00,2412.28,2418.79,2410.36,2413.20
2026-05-29 12:00:00,2413.20,2422.88,2413.08,2422.46
2026-05-29 16:00:00,2422.46,2425.22,2416.91,2420.75
2026-05-29 20:00:00,2420.75,2422.50,2418.12,2419.84
2026-06-01 00:00:00,2419.84,2423.10,2418.52,2422.01
2026-06-01 04:00:00,2422.01,2430.74,2419.57,2430.28
2026-06-01 08:00:00,2430.28,2438.71,2423.68,2428.78
2026-06-01 12:00:00,2428.78,2436.57,2423.72,2424.69
2026-06-01 16:00:00,2424.69,2432.90,2423.64,2428.93
2026-06-01 20:00:00,2428.93,2429.25,2420.73,2423.52
2026-06-02 00:00:00,2423.52,2427.27,2422.31,2425.20
2026-06-02 04:00:00,2425.20,2429.59,2421.17,2426.24
2026-06-02 08:00:00,2426.24,2441.08,2422.61,2436.90
2026-06-02 12:00:00,2436.90,2448.52,2432.39,2445.94
2026-06-02 16:00:00,2445.94,2455.23,2445.33,2454.38
2026-06-02 20:00:00,2454.38,2455.91,2449.61,2451.91
2026-06-03 00:00:00,2451.91,2455.44,2450.67,2455.10
2026-06-03 04:00:00,2455.10,2455.29,2450.45,2453.66
2026-06-03 08:00:00,2453.66,2464.00,2451.03,2461.97
2026-06-03 12:00:00,2461.97,2471.51,2459.40,2470.74
2026-06-03 16:00:00,2470.74,2474.91,2466.86,2471.59
2026-06-03 20:00:00,2471.59,2474.77,2470.92,2473.61
2026-06-04 00:00:00,2473.61,2477.33,2472.41,2475.60
2026-06-04 04:00:00,2475.60,2477.08,2468.82,2472.46
2026-06-04 08:00:00,2472.46,2476.59,2469.51,2473.57
2026-06-04 12:00:00,2473.57,2477.03,2468.25,2469.41
2026-06-04 16:00:00,2469.41,2473.01,2464.69,2466.38
2026-06-04 20:00:00,2466.38,2472.71,2466.18,2471.47
2026-06-05 00:00:00,2471.47,2473.46,2469.46,2473.36
2026-06-05 04:00:00,2473.36,2475.64,2471.20,2472.57
2026-06-05 08:00:00,2472.57,2473.03,2465.85,2467.07
2026-06-05 12:00:00,2467.07,2470.43,2455.78,2464.20
2026-06-05 16:00:00,2464.20,2473.14,2462.09,2472.53
2026-06-05 20:00:00,2472.53,2473.30,2469.63,2471.90
2026-06-08 00:00:00,2471.90,2476.15,2471.67,2474.27
2026-06-08 04:00:00,2474.27,2476.67,2471.76,2474.19
2026-06-08 08:00:00,2474.19,2486.50,2472.50,2485.40
2026-06-08 12:00:00,2485.40,2489.47,2476.63,2479.41
2026-06-08 16:00:00,2479.41,2485.17,2478.27,2482.07
2026-06-08 20:00:00,2482.07,2484.83,2480.05,2483.50
2026-06-09 00:00:00,2483.50,2483.80,2478.40,2479.36
2026-06-09 04:00:00,2479.36,2480.94,2473.74,2474.77
2026-06-09 08:00:00,2474.77,2477.80,2466.51,2467.54
2026-06-09 12:00:00,2467.54,2467.92,2453.63,2458.15
2026-06-09 16:00:00,2458.15,2458.39,2451.22,2454.68
2026-06-09 20:00:00,2454.68,2457.15,2450.89,2452.34
2026-06-10 00:00:00,2452.34,2456.30,2451.22,2452.59
2026-06-10 04:00:00,2452.59,2453.22,2446.85,2449.40
2026-06-10 08:00:00,2449.40,2453.56,2442.95,2447.30
2026-06-10 12:00:00,2447.30,2449.26,2433.37,2434.15
2026-06-10 16:00:00,2434.15,2441.94,2432.95,2441.29
2026-06-10 20:00:00,2441.29,2442.26,2433.22,2436.26
2026-06-11 00:00:00,2436.26,2436.61,2432.33,2433.87
2026-06-11 04:00:00,2433.87,2436.90,2430.40,2430.60
2026-06-11 08:00:00,2430.60,2432.74,2422.36,2423.11
2026-06-11 12:00:00,2423.11,2429.16,2420.23,2422.92
2026-06-11 16:00:00,2422.92,2433.39,2420.70,2430.86
2026-06-11 20:00:00,2430.86,2431.36,2427.11,2429.87
2026-06-12 00:00:00,2429.87,2435.28,2429.29,2434.67
2026-06-12 04:00:00,2434.67,2438.10,2430.10,2435.13
2026-06-12 08:00:00,2435.13,2440.26,2433.10,2436.25
2026-06-12 12:00:00,2436.25,2442.31,2434.87,2441.99
2026-06-12 16:00:00,2441.99,2450.39,2441.71,2445.67
2026-06-12 20:00:00,2445.67,2447.95,2442.40,2446.17
2026-06-15 00:00:00,2446.17,2447.95,2444.73,2445.84
2026-06-15 04:00:00,2445.84,2449.90,2444.15,2447.77
2026-06-15 08:00:00,2447.77,2454.49,2445.17,2448.99
2026-06-15 12:00:00,2448.99,2452.54,2446.22,2450.16
2026-06-15 16:00:00,2450.16,2451.49,2445.29,2449.93
2026-06-15 20:00:00,2449.93,2457.91,2449.21,2456.09
2026-06-16 00:00:00,2456.09,2458.43,2452.78,2453.27
2026-06-16 04:00:00,2453.27,2454.56,2449.45,2453.43
2026-06-16 08:00:00,2453.43,2453.72,2446.82,2448.35
2026-06-16 12:00:00,2448.35,2457.39,2445.97,2456.59
2026-06-16 16:00:00,2456.59,2456.95,2451.48,2454.25
2026-06-16 20:00:00,2454.25,2460.38,2453.27,2459.83
2026-06-17 00:00:00,2459.83,2465.88,2459.30,2464.58
2026-06-17 04:00:00,2464.58,2465.28,2459.33,2461.13
2026-06-17 08:00:00,2461.13,2465.56,2456.21,2463.92
2026-06-17 12:00:00,2463.92,2478.78,2462.52,2473.74
2026-06-17 16:00:00,2473.74,2479.07,2471.87,2477.17
2026-06-17 20:00:00,2477.17,2478.35,2473.46,2478.23
2026-06-18 00:00:00,2478.23,2479.37,2476.06,2477.32
2026-06-18 04:00:00,2477.32,2484.67,2477.06,2482.97
2026-06-18 08:00:00,2482.97,2484.16,2472.89,2476.66
2026-06-18 12:00:00,2476.66,2479.06,2473.13,2475.20
2026-06-18 16:00:00,2475.20,2476.11,2471.01,2472.76
2026-06-18 20:00:00,2472.76,2473.40,2470.99,2472.34
2026-06-19 00:00:00,2472.34,2473.01,2468.82,2470.40
2026-06-19 04:00:00,2470.40,2472.96,2468.95,2472.10
2026-06-19 08:00:00,2472.10,2474.92,2467.51,2470.64
2026-06-19 12:00:00,2470.64,2478.68,2467.62,2477.80
2026-06-19 16:00:00,2477.80,2480.90,2473.87,2476.31
2026-06-19 20:00:00,2476.31,2477.69,2472.84,2476.35
2026-06-22 00:00:00,2476.35,2479.03,2476.03,2478.53
2026-06-22 04:00:00,2478.53,2481.68,2476.56,2479.17
2026-06-22 08:00:00,2479.17,2494.62,2477.86,2484.37
2026-06-22 12:00:00,2484.37,2503.42,2483.63,2501.51
2026-06-22 16:00:00,2501.51,2502.20,2496.76,2497.77
2026-06-22 20:00:00,2497.77,2503.06,2497.21,2500.68
2026-06-23 00:00:00,2500.68,2503.61,2500.27,2502.49
2026-06-23 04:00:00,2502.49,2505.91,2498.37,2500.07
2026-06-23 08:00:00,2500.07,2505.06,2493.50,2503.31
2026-06-23 12:00:00,2503.31,2504.18,2491.35,2493.51
2026-06-23 16:00:00,2493.51,2493.60,2486.00,2491.38
2026-06-23 20:00:00,2491.38,2495.50,2490.04,2490.20
2026-06-24 00:00:00,2490.20,2490.74,2487.88,2489.23
2026-06-24 04:00:00,2489.23,2492.49,2488.26,2491.88
2026-06-24 08:00:00,2491.88,2497.10,2486.25,2496.79
2026-06-24 12:00:00,2496.79,2497.85,2489.74,2491.05
2026-06-24 16:00:00,2491.05,2494.38,2485.05,2485.19
2026-06-24 20:00:00,2485.19,2487.50,2482.55,2483.33
2026-06-25 00:00:00,2483.33,2484.15,2481.37,2481.91
2026-06-25 04:00:00,2481.91,2482.66,2474.44,2475.41
2026-06-25 08:00:00,2475.41,2478.72,2465.36,2467.20
2026-06-25 12:00:00,2467.20,2473.51,2460.81,2472.36
2026-06-25 16:00:00,2472.36,2479.36,2471.46,2478.72
2026-06-25 20:00:00,2478.72,2486.46,2477.91,2485.30
2026-06-26 00:00:00,2485.30,2486.70,2483.27,2484.02
2026-06-26 04:00:00,2484.02,2487.19,2482.08,2485.56
2026-06-26 08:00:00,2485.56,2490.42,2484.87,2487.82
2026-06-26 12:00:00,2487.82,2496.14,2485.27,2494.48
2026-06-26 16:00:00,2494.48,2495.69,2488.11,2489.22
2026-06-26 20:00:00,2489.22,2489.64,2482.15,2482.86
2026-06-29 00:00:00,2482.86,2486.51,2482.29,2484.88
2026-06-29 04:00:00,2484.88,2489.95,2482.53,2486.05
2026-06-29 08:00:00,2486.05,2486.92,2473.44,2478.19
2026-06-29 12:00:00,2478.19,2479.50,2468.51,2469.94
2026-06-29 16:00:00,2469.94,2472.42,2465.98,2470.58
2026-06-29 20:00:00,2470.58,2473.79,2468.15,2468.43
2026-06-30 00:00:00,2468.43,2469.02,2466.49,2466.91
2026-06-30 04:00:00,2466.91,2467.86,2462.86,2464.77
2026-06-30 08:00:00,2464.77,2468.93,2459.81,2460.20
2026-06-30 12:00:00,2460.20,2467.22,2459.31,2466.68
2026-06-30 16:00:00,2466.68,2468.84,2456.83,2458.11
2026-06-30 20:00:00,2458.11,2461.10,2457.18,2458.41
2026-07-01 00:00:00,2458.41,2462.11,2456.30,2460.65
2026-07-01 04:00:00,2460.65,2461.97,2455.17,2457.76
2026-07-01 08:00:00,2457.76,2469.48,2455.12,2469.26
2026-07-01 12:00:00,2469.26,2480.99,2464.87,2480.45
2026-07-01 16:00:00,2480.45,2489.37,2480.14,2485.07
2026-07-01 20:00:00,2485.07,2491.91,2483.54,2491.80
2026-07-02 00:00:00,2491.80,2493.40,2489.59,2490.61
2026-07-02 04:00:00,2490.61,2492.21,2485.41,2485.92
2026-07-02 08:00:00,2485.92,2496.89,2481.18,2494.35
2026-07-02 12:00:00,2494.35,2504.06,2493.56,2500.99
2026-07-02 16:00:00,2500.99,2509.37,2499.84,2507.66
2026-07-02 20:00:00,2507.66,2508.38,2503.85,2507.20
2026-07-03 00:00:00,2507.20,2512.75,2505.54,2511.39
2026-07-03 04:00:00,2511.39,2513.57,2507.79,2509.49
2026-07-03 08:00:00,2509.49,2517.83,2507.78,2515.75
2026-07-03 12:00:00,2515.75,2524.64,2513.59,2521.73
2026-07-03 16:00:00,2521.73,2528.25,2520.76,2525.68
2026-07-03 20:00:00,2525.68,2532.59,2525.55,2528.84
2026-07-06 00:00:00,2528.84,2532.48,2527.63,2532.36
2026-07-06 04:00:00,2532.36,2532.67,2528.42,2529.70
2026-07-06 08:00:00,2529.70,2529.81,2520.23,2522.25
2026-07-06 12:00:00,2522.25,2527.10,2511.51,2515.95
2026-07-06 16:00:00,2515.95,2517.43,2510.12,2512.23
2026-07-06 20:00:00,2512.23,2514.55,2508.82,2509.95
2026-07-07 00:00:00,2509.95,2510.66,2507.04,2507.25
2026-07-07 04:00:00,2507.25,2507.45,2502.86,2504.40
2026-07-07 08:00:00,2504.40,2511.43,2503.68,2507.96
2026-07-07 12:00:00,2507.96,2519.09,2506.21,2517.97
2026-07-07 16:00:00,2517.97,2518.48,2512.01,2516.47
2026-07-07 20:00:00,2516.47,2519.51,2511.74,2512.52
2026-07-08 00:00:00,2512.52,2513.27,2508.25,2511.41
2026-07-08 04:00:00,2511.41,2513.06,2506.33,2507.13
2026-07-08 08:00:00,2507.13,2509.34,2499.35,2505.22
2026-07-08 12:00:00,2505.22,2505.38,2495.54,2496.52
2026-07-08 16:00:00,2496.52,2501.34,2490.13,2491.13
2026-07-08 20:00:00,2491.13,2491.80,2486.49,2487.63
2026-07-09 00:00:00,2487.63,2489.48,2487.10,2487.50
2026-07-09 04:00:00,2487.50,2488.15,2482.13,2482.30
2026-07-09 08:00:00,2482.30,2484.83,2470.98,2471.89
2026-07-09 12:00:00,2471.89,2483.56,2470.93,2480.27
2026-07-09 16:00:00,2480.27,2484.06,2477.81,2481.19
2026-07-09 20:00:00,2481.19,2484.14,2479.17,2479.88
2026-07-10 00:00:00,2479.88,2480.52,2475.06,2475.14
2026-07-10 04:00:00,2475.14,2476.60,2468.01,2468.91
2026-07-10 08:00:00,2468.91,2473.00,2462.82,2462.96
2026-07-10 12:00:00,2462.96,2468.08,2457.52,2459.84
2026-07-10 16:00:00,2459.84,2467.72,2458.31,2465.54
2026-07-10 20:00:00,2465.54,2469.40,2464.09,2466.41
2026-07-13 00:00:00,2466.41,2467.50,2465.00,2466.37
2026-07-13 04:00:00,2466.37,2471.59,2465.31,2470.87
2026-07-13 08:00:00,2470.87,2472.25,2461.00,2461.74
2026-07-13 12:00:00,2461.74,2464.09,2453.31,2454.22
2026-07-13 16:00:00,2454.22,2454.65,2447.73,2453.32
2026-07-13 20:00:00,2453.32,2454.16,2449.70,2451.73
2026-07-14 00:00:00,2451.73,2452.22,2448.70,2449.02
2026-07-14 04:00:00,2449.02,2452.56,2444.94,2446.65
2026-07-14 08:00:00,2446.65,2455.71,2445.07,2455.27
2026-07-14 12:00:00,2455.27,2456.32,2447.75,2455.55
2026-07-14 16:00:00,2455.55,2458.98,2452.70,2454.40
2026-07-14 20:00:00,2454.40,2456.78,2451.55,2456.54
2026-07-15 00:00:00,2456.54,2459.00,2455.88,2457.45
2026-07-15 04:00:00,2457.45,2459.75,2446.15,2446.50
2026-07-15 08:00:00,2446.50,2450.11,2442.40,2448.76
2026-07-15 12:00:00,2448.76,2457.32,2447.93,2455.05
2026-07-15 16:00:00,2455.05,2456.24,2445.94,2451.13
2026-07-15 20:00:00,2451.13,2453.71,2448.87,2451.85
2026-07-16 00:00:00,2451.85,2457.41,2451.56,2456.05
2026-07-16 04:00:00,2456.05,2458.99,2454.75,2457.04
2026-07-16 08:00:00,2457.04,2457.65,2447.36,2452.75
2026-07-16 12:00:00,2452.75,2464.04,2451.08,2458.26
2026-07-16 16:00:00,2458.26,2465.31,2456.53,2465.06
2026-07-16 20:00:00,2465.06,2465.24,2458.43,2461.57
2026-07-17 00:00:00,2461.57,2463.90,2459.54,2461.73
2026-07-17 04:00:00,2461.73,2463.04,2458.86,2460.44
2026-07-17 08:00:00,2460.44,2463.19,2454.31,2456.65
2026-07-17 12:00:00,2456.65,2460.81,2452.59,2455.72
2026-07-17 16:00:00,2455.72,2462.81,2455.29,2458.21
2026-07-17 20:00:00,2458.21,2465.19,2457.94,2465.00
2026-07-20 00:00:00,2465.00,2465.24,2459.18,2461.52
2026-07-20 04:00:00,2461.52,2465.46,2460.03,2462.63
2026-07-20 08:00:00,2462.63,2463.36,2453.77,2457.23
2026-07-20 12:00:00,2457.23,2468.34,2455.95,2468.13
2026-07-20 16:00:00,2468.13,2472.13,2464.92,2471.62
2026-07-20 20:00:00,2471.62,2474.62,2468.33,2470.10
2026-07-21 00:00:00,2470.10,2471.74,2466.52,2467.92
2026-07-21 04:00:00,2467.92,2472.37,2465.09,2466.14
2026-07-21 08:00:00,2466.14,2468.64,2459.66,2461.66
2026-07-21 12:00:00,2461.66,2472.22,2461.09,2469.74
2026-07-21 16:00:00,2469.74,2472.86,2461.24,2470.57
2026-07-21 20:00:00,2470.57,2471.12,2463.35,2463.57
2026-07-22 00:00:00,2463.57,2465.61,2462.52,2465.40
2026-07-22 04:00:00,2465.40,2465.67,2459.65,2461.02
2026-07-22 08:00:00,2461.02,2461.96,2449.96,2454.03
2026-07-22 12:00:00,2454.03,2458.17,2447.89,2456.82
2026-07-22 16:00:00,2456.82,2462.95,2456.02,2461.68
2026-07-22 20:00:00,2461.68,2464.84,2460.98,2462.99
2026-07-23 00:00:00,2462.99,2463.25,2458.59,2460.06
2026-07-23 04:00:00,2460.06,2460.17,2452.54,2453.02
2026-07-23 08:00:00,2453.02,2458.57,2450.76,2454.60
2026-07-23 12:00:00,2454.60,2459.22,2452.15,2456.29
2026-07-23 16:00:00,2456.29,2456.88,2447.41,2450.49
2026-07-23 20:00:00,2450.49,2454.76,2449.68,2450.19
2026-07-24 00:00:00,2450.19,2454.22,2449.32,2454.12
2026-07-24 04:00:00,2454.12,2457.87,2453.23,2457.18
2026-07-24 08:00:00,2457.18,2458.40,2451.34,2453.02
2026-07-24 12:00:00,2453.02,2456.89,2450.29,2453.64
2026-07-24 16:00:00,2453.64,2459.84,2453.19,2456.68
2026-07-24 20:00:00,2456.68,2456.95,2451.59,2453.46
2026-07-27 00:00:00,2453.46,2459.03,2453.27,2458.94
2026-07-27 04:00:00,2458.94,2460.75,2452.68,2453.08
2026-07-27 08:00:00,2453.08,2456.92,2450.87,2454.79
2026-07-27 12:00:00,2454.79,2457.29,2451.02,2456.05
2026-07-27 16:00:00,2456.05,2459.80,2453.70,2457.82
2026-07-27 20:00:00,2457.82,2464.19,2453.88,2463.39
2026-07-28 00:00:00,2463.39,2467.75,2461.60,2467.36
2026-07-28 04:00:00,2467.36,2469.61,2464.19,2465.13
2026-07-28 08:00:00,2465.13,2465.94,2452.57,2456.58
2026-07-28 12:00:00,2456.58,2466.82,2453.34,2463.12
2026-07-28 16:00:00,2463.12,2466.20,2460.05,2462.01
2026-07-28 20:00:00,2462.01,2466.38,2460.96,2466.02
2026-07-29 00:00:00,2466.02,2468.71,2465.17,2467.80
2026-07-29 04:00:00,2467.80,2468.26,2459.83,2460.65
2026-07-29 08:00:00,2460.65,2476.01,2459.86,2474.38
2026-07-29 12:00:00,2474.38,2477.88,2465.84,2469.75
2026-07-29 16:00:00,2469.75,2477.24,2468.55,2475.53
2026-07-29 20:00:00,2475.53,2476.03,2469.95,2471.61
2026-07-30 00:00:00,2471.61,2473.50,2470.39,2471.05
2026-07-30 04:00:00,2471.05,2472.96,2466.13,2471.10
2026-07-30 08:00:00,2471.10,2481.01,2470.96,2477.50
2026-07-30 12:00:00,2477.50,2481.71,2473.67,2477.71
2026-07-30 16:00:00,2477.71,2484.04,2473.71,2482.21
2026-07-30 20:00:00,2482.21,2484.49,2479.68,2481.21
2026-07-31 00:00:00,2481.21,2484.05,2478.04,2483.70
2026-07-31 04:00:00,2483.70,2489.75,2483.35,2488.71
2026-07-31 08:00:00,2488.71,2493.29,2485.80,2489.85
2026-07-31 12:00:00,2489.85,2495.02,2480.04,2483.96
2026-07-31 16:00:00,2483.96,2486.03,2479.36,2482.27
2026-07-31 20:00:00,2482.27,2484.60,2479.53,2484.33
2026-08-03 00:00:00,2484.33,2486.87,2482.98,2486.50
2026-08-03 04:00:00,2486.50,2491.92,2485.93,2488.84
2026-08-03 08:00:00,2488.84,2493.34,2482.23,2488.68
2026-08-03 12:00:00,2488.68,2496.28,2487.45,2494.80
2026-08-03 16:00:00,2494.80,2498.72,2492.20,2493.58
2026-08-03 20:00:00,2493.58,2495.18,2486.46,2487.49
2026-08-04 00:00:00,2487.49,2490.79,2487.15,2488.70
2026-08-04 04:00:00,2488.70,2495.19,2486.50,2495.07
2026-08-04 08:00:00,2495.07,2501.43,2492.29,2493.60
2026-08-04 12:00:00,2493.60,2494.73,2485.75,2488.20
2026-08-04 16:00:00,2488.20,2490.61,2482.26,2485.82
2026-08-04 20:00:00,2485.82,2495.47,2485.21,2495.14
2026-08-05 00:00:00,2495.14,2496.62,2493.26,2495.48
2026-08-05 04:00:00,2495.48,2505.12,2494.70,2503.68
2026-08-05 08:00:00,2503.68,2507.30,2498.96,2504.35
2026-08-05 12:00:00,2504.35,2505.82,2498.68,2502.77
2026-08-05 16:00:00,2502.77,2510.34,2502.07,2507.64
2026-08-05 20:00:00,2507.64,2508.10,2503.91,2506.49
2026-08-06 00:00:00,2506.49,2507.27,2501.33,2502.11
2026-08-06 04:00:00,2502.11,2507.65,2501.75,2502.77
2026-08-06 08:00:00,2502.77,2503.06,2495.26,2501.22
2026-08-06 12:00:00,2501.22,2503.55,2487.38,2488.92
2026-08-06 16:00:00,2488.92,2497.93,2488.79,2489.54
2026-08-06 20:00:00,2489.54,2493.13,2488.81,2490.81
2026-08-07 00:00:00,2490.81,2493.14,2489.21,2489.71
2026-08-07 04:00:00,2489.71,2495.12,2487.33,2491.67
2026-08-07 08:00:00,2491.67,2498.51,2487.68,2494.94
2026-08-07 12:00:00,2494.94,2498.01,2483.94,2490.40
2026-08-07 16:00:00,2490.40,2492.30,2483.97,2487.12
2026-08-07 20:00:00,2487.12,2488.79,2479.68,2480.30
2026-08-10 00:00:00,2480.30,2480.61,2475.01,2476.53
2026-08-10 04:00:00,2476.53,2480.81,2476.09,2480.25
2026-08-10 08:00:00,2480.25,2481.33,2471.51,2472.24
2026-08-10 12:00:00,2472.24,2483.14,2470.99,2482.76
2026-08-10 16:00:00,2482.76,2486.13,2480.56,2483.98
2026-08-10 20:00:00,2483.98,2486.78,2483.06,2484.80
2026-08-11 00:00:00,2484.80,2485.20,2479.41,2482.00
2026-08-11 04:00:00,2482.00,2488.75,2481.54,2488.36
2026-08-11 08:00:00,2488.36,2494.66,2480.06,2489.29
2026-08-11 12:00:00,2489.29,2495.23,2486.12,2489.87
2026-08-11 16:00:00,2489.87,2498.41,2488.42,2495.47
2026-08-11 20:00:00,2495.47,2498.82,2494.11,2497.03
2026-08-12 00:00:00,2497.03,2499.00,2494.40,2494.79
2026-08-12 04:00:00,2494.79,2498.91,2491.54,2492.54
2026-08-12 08:00:00,2492.54,2492.97,2485.96,2488.22
2026-08-12 12:00:00,2488.22,2489.53,2483.39,2487.01
2026-08-12 16:00:00,2487.01,2491.92,2484.93,2491.50
2026-08-12 20:00:00,2491.50,2492.06,2485.92,2486.21
2026-08-13 00:00:00,2486.21,2489.70,2484.35,2486.16
2026-08-13 04:00:00,2486.16,2487.50,2479.79,2480.30
2026-08-13 08:00:00,2480.30,2486.31,2480.10,2480.38
2026-08-13 12:00:00,2480.38,2480.59,2469.37,2473.03
2026-08-13 16:00:00,2473.03,2481.87,2472.33,2479.43
2026-08-13 20:00:00,2479.43,2480.44,2473.47,2476.83
2026-08-14 00:00:00,2476.83,2478.22,2474.68,2475.44
2026-08-14 04:00:00,2475.44,2480.65,2473.99,2479.78
2026-08-14 08:00:00,2479.78,2480.88,2471.95,2473.37
2026-08-14 12:00:00,2473.37,2473.86,2464.06,2470.56
2026-08-14 16:00:00,2470.56,2472.58,2464.53,2465.57
2026-08-14 20:00:00,2465.57,2469.42,2464.74,2467.62
2026-08-17 00:00:00,2467.62,2468.94,2461.68,2462.36
2026-08-17 04:00:00,2462.36,2465.89,2459.62,2460.21
2026-08-17 08:00:00,2460.21,2464.57,2458.20,2462.04
2026-08-17 12:00:00,2462.04,2468.03,2457.80,2467.40
2026-08-17 16:00:00,2467.40,2471.88,2463.81,2468.40
2026-08-17 20:00:00,2468.40,2470.53,2466.04,2467.68
2026-08-18 00:00:00,2467.68,2468.22,2464.75,2466.25
2026-08-18 04:00:00,2466.25,2469.02,2465.99,2467.47
2026-08-18 08:00:00,2467.47,2479.07,2467.08,2475.03
2026-08-18 12:00:00,2475.03,2480.34,2472.89,2478.05
2026-08-18 16:00:00,2478.05,2481.23,2474.10,2476.59
2026-08-18 20:00:00,2476.59,2477.67,2472.71,2474.93
2026-08-19 00:00:00,2474.93,2476.23,2472.71,2474.88
2026-08-19 04:00:00,2474.88,2476.45,2473.56,2475.29
2026-08-19 08:00:00,2475.29,2477.77,2472.09,2476.04
2026-08-19 12:00:00,2476.04,2484.73,2474.91,2482.03
2026-08-19 16:00:00,2482.03,2492.13,2481.75,2486.14
2026-08-19 20:00:00,2486.14,2494.76,2485.41,2491.56
2026-08-20 00:00:00,2491.56,2493.79,2490.61,2492.70
2026-08-20 04:00:00,2492.70,2501.24,2492.47,2499.85
2026-08-20 08:00:00,2499.85,2502.06,2493.80,2498.65
2026-08-20 12:00:00,2498.65,2504.47,2497.19,2502.23
2026-08-20 16:00:00,2502.23,2503.63,2492.22,2494.06
2026-08-20 20:00:00,2494.06,2498.12,2493.06,2494.46
2026-08-21 00:00:00,2494.46,2495.92,2492.57,2493.98
2026-08-21 04:00:00,2493.98,2497.55,2489.63,2497.14
2026-08-21 08:00:00,2497.14,2502.00,2492.55,2493.71
2026-08-21 12:00:00,2493.71,2497.84,2482.68,2495.60
2026-08-21 16:00:00,2495.60,2498.76,2492.70,2498.14
2026-08-21 20:00:00,2498.14,2502.62,2496.79,2502.51
2026-08-24 00:00:00,2502.51,2503.46,2499.84,2501.59
2026-08-24 04:00:00,2501.59,2502.89,2496.96,2501.91
2026-08-24 08:00:00,2501.91,2517.29,2500.24,2516.49
2026-08-24 12:00:00,2516.49,2520.36,2514.40,2520.03
2026-08-24 16:00:00,2520.03,2524.34,2519.36,2522.99
2026-08-24 20:00:00,2522.99,2527.13,2521.30,2523.16
2026-08-25 00:00:00,2523.16,2526.78,2521.81,2522.63
2026-08-25 04:00:00,2522.63,2523.88,2517.55,2520.56
2026-08-25 08:00:00,2520.56,2520.97,2512.56,2518.61
2026-08-25 12:00:00,2518.61,2528.36,2516.82,2525.97
2026-08-25 16:00:00,2525.97,2535.18,2524.88,2534.52
2026-08-25 20:00:00,2534.52,2535.44,2529.36,2529.44
2026-08-26 00:00:00,2529.44,2529.65,2524.56,2524.83
2026-08-26 04:00:00,2524.83,2525.23,2518.49,2520.73
2026-08-26 08:00:00,2520.73,2529.66,2517.74,2526.18
2026-08-26 12:00:00,2526.18,2531.39,2523.75,2526.98
2026-08-26 16:00:00,2526.98,2533.96,2524.13,2529.11
2026-08-26 20:00:00,2529.11,2530.94,2525.14,2529.68
2026-08-27 00:00:00,2529.68,2532.21,2528.36,2530.29
2026-08-27 04:00:00,2530.29,2532.01,2523.88,2524.28
2026-08-27 08:00:00,2524.28,2526.42,2519.80,2521.87
2026-08-27 12:00:00,2521.87,2537.94,2521.44,2536.44
2026-08-27 16:00:00,2536.44,2537.49,2531.39,2536.19
2026-08-27 20:00:00,2536.19,2536.91,2527.66,2528.08
2026-08-28 00:00:00,2528.08,2532.89,2527.67,2530.93
2026-08-28 04:00:00,2530.93,2534.48,2529.47,2532.34
2026-08-28 08:00:00,2532.34,2536.26,2523.84,2532.79
2026-08-28 12:00:00,2532.79,2545.17,2529.29,2538.05
2026-08-28 16:00:00,2538.05,2546.36,2536.48,2546.02
2026-08-28 20:00:00,2546.02,2547.79,2544.07,2547.42
2026-08-31 00:00:00,2547.42,2551.88,2546.44,2551.75
2026-08-31 04:00:00,2551.75,2556.27,2551.15,2555.08
2026-08-31 08:00:00,2555.08,2563.08,2552.69,2556.06
2026-08-31 12:00:00,2556.06,2556.68,2551.46,2552.93
2026-08-31 16:00:00,2552.93,2562.40,2551.51,2560.75
2026-08-31 20:00:00,2560.75,2561.92,2557.19,2557.70
2026-09-01 00:00:00,2557.70,2565.87,2557.41,2565.51
2026-09-01 04:00:00,2565.51,2570.22,2564.54,2570.10
2026-09-01 08:00:00,2570.10,2571.40,2559.81,2560.54
2026-09-01 12:00:00,2560.54,2567.26,2558.57,2562.58
2026-09-01 16:00:00,2562.58,2563.75,2556.44,2557.36
2026-09-01 20:00:00,2557.36,2558.12,2554.92,2556.50
2026-09-02 00:00:00,2556.50,2559.95,2555.78,2556.33
2026-09-02 04:00:00,2556.33,2558.07,2553.53,2554.97
2026-09-02 08:00:00,2554.97,2563.62,2548.21,2562.66
2026-09-02 12:00:00,2562.66,2565.36,2552.66,2554.63
2026-09-02 16:00:00,2554.63,2557.15,2539.34,2539.86
2026-09-02 20:00:00,2539.86,2540.71,2535.88,2540.19
2026-09-03 00:00:00,2540.19,2542.77,2539.17,2540.62
2026-09-03 04:00:00,2540.62,2541.99,2536.88,2539.52
2026-09-03 08:00:00,2539.52,2542.26,2535.84,2540.26
2026-09-03 12:00:00,2540.26,2542.77,2534.24,2534.42
2026-09-03 16:00:00,2534.42,2541.24,2532.43,2534.20
2026-09-03 20:00:00,2534.20,2535.34,2532.10,2533.99
2026-09-04 00:00:00,2533.99,2538.65,2533.46,2537.03
2026-09-04 04:00:00,2537.03,2538.33,2533.19,2537.08
2026-09-04 08:00:00,2537.08,2541.35,2533.62,2538.66
2026-09-04 12:00:00,2538.66,2542.79,2533.02,2534.48
2026-09-04 16:00:00,2534.48,2537.36,2531.78,2536.68
2026-09-04 20:00:00,2536.68,2540.57,2533.67,2534.27
2026-09-07 00:00:00,2534.27,2534.91,2531.66,2531.98
2026-09-07 04:00:00,2531.98,2534.61,2530.14,2532.93
2026-09-07 08:00:00,2532.93,2540.86,2529.31,2537.06
2026-09-07 12:00:00,2537.06,2542.65,2526.22,2528.40
2026-09-07 16:00:00,2528.40,2536.35,2527.94,2532.96
2026-09-07 20:00:00,2532.96,2535.67,2531.88,2533.13
2026-09-08 00:00:00,2533.13,2540.20,2532.50,2540.03
2026-09-08 04:00:00,2540.03,2546.29,2539.36,2540.17
2026-09-08 08:00:00,2540.17,2545.86,2536.96,2543.17
2026-09-08 12:00:00,2543.17,2551.08,2539.73,2546.88
2026-09-08 16:00:00,2546.88,2555.96,2545.76,2554.87
2026-09-08 20:00:00,2554.87,2557.13,2551.81,2555.99
2026-09-09 00:00:00,2555.99,2556.84,2552.53,2554.84
2026-09-09 04:00:00,2554.84,2556.45,2550.78,2554.72
2026-09-09 08:00:00,2554.72,2565.28,2552.98,2563.55
2026-09-09 12:00:00,2563.55,2566.94,2554.96,2564.95
2026-09-09 16:00:00,2564.95,2568.14,2562.53,2565.62
2026-09-09 20:00:00,2565.62,2566.23,2561.86,2564.43
2026-09-10 00:00:00,2564.43,2568.72,2562.81,2568.42
2026-09-10 04:00:00,2568.42,2569.00,2556.25,2556.99
2026-09-10 08:00:00,2556.99,2560.53,2553.35,2556.22
2026-09-10 12:00:00,2556.22,2558.94,2543.54,2549.42
2026-09-10 16:00:00,2549.42,2551.83,2546.29,2549.84
2026-09-10 20:00:00,2549.84,2553.81,2549.52,2552.91
2026-09-11 00:00:00,2552.91,2554.09,2551.11,2551.41
2026-09-11 04:00:00,2551.41,2552.67,2546.30,2546.41
2026-09-11 08:00:00,2546.41,2556.55,2545.51,2551.71
2026-09-11 12:00:00,2551.71,2554.25,2542.42,2548.38
2026-09-11 16:00:00,2548.38,2551.22,2544.97,2550.06
2026-09-11 20:00:00,2550.06,2551.41,2546.08,2546.28
2026-09-14 00:00:00,2546.28,2546.74,2540.24,2541.13
2026-09-14 04:00:00,2541.13,2542.73,2531.11,2532.02
2026-09-14 08:00:00,2532.02,2533.68,2526.25,2531.22
2026-09-14 12:00:00,2531.22,2534.64,2528.40,2533.28
2026-09-14 16:00:00,2533.28,2538.36,2530.12,2537.96
2026-09-14 20:00:00,2537.96,2542.95,2537.44,2541.90
2026-09-15 00:00:00,2541.90,2545.28,2541.33,2542.27
2026-09-15 04:00:00,2542.27,2543.75,2539.06,2541.16
2026-09-15 08:00:00,2541.16,2541.98,2533.46,2541.55
2026-09-15 12:00:00,2541.55,2548.27,2537.54,2545.01
2026-09-15 16:00:00,2545.01,2551.96,2544.76,2549.13
2026-09-15 20:00:00,2549.13,2549.89,2544.20,2548.54
2026-09-16 00:00:00,2548.54,2549.05,2543.92,2547.10
2026-09-16 04:00:00,2547.10,2552.84,2546.12,2550.82
2026-09-16 08:00:00,2550.82,2552.79,2537.91,2543.97
2026-09-16 12:00:00,2543.97,2544.23,2537.00,2543.24
2026-09-16 16:00:00,2543.24,2543.99,2534.56,2537.93
2026-09-16 20:00:00,2537.93,2542.91,2535.87,2540.06
2026-09-17 00:00:00,2540.06,2540.21,2535.70,2537.32
2026-09-17 04:00:00,2537.32,2539.57,2534.08,2538.31
2026-09-17 08:00:00,2538.31,2544.52,2535.70,2541.47
2026-09-17 12:00:00,2541.47,2543.55,2536.47,2542.85
2026-09-17 16:00:00,2542.85,2548.07,2541.73,2545.02
2026-09-17 20:00:00,2545.02,2547.42,2542.26,2543.54
2026-09-18 00:00:00,2543.54,2546.66,2541.56,2543.58
2026-09-18 04:00:00,2543.58,2545.68,2539.21,2541.88
2026-09-18 08:00:00,2541.88,2544.86,2535.39,2535.50
2026-09-18 12:00:00,2535.50,2537.10,2529.45,2532.51
2026-09-18 16:00:00,2532.51,2536.98,2527.92,2528.54
2026-09-18 20:00:00,2528.54,2529.64,2522.48,2522.87
2026-09-21 00:00:00,2522.87,2523.33,2519.57,2519.95
2026-09-21 04:00:00,2519.95,2523.83,2519.61,2522.69
2026-09-21 08:00:00,2522.69,2526.26,2516.17,2516.93
2026-09-21 12:00:00,2516.93,2519.26,2501.03,2507.16
2026-09-21 16:00:00,2507.16,2512.06,2505.71,2505.95
2026-09-21 20:00:00,2505.95,2513.55,2505.58,2511.79
2026-09-22 00:00:00,2511.79,2514.52,2510.39,2511.48
2026-09-22 04:00:00,2511.48,2512.72,2506.34,2506.60
2026-09-22 08:00:00,2506.60,2520.19,2505.35,2510.44
2026-09-22 12:00:00,2510.44,2513.70,2502.90,2504.63
2026-09-22 16:00:00,2504.63,2508.54,2503.97,2506.23
2026-09-22 20:00:00,2506.23,2509.28,2505.27,2506.82
2026-09-23 00:00:00,2506.82,2508.05,2504.36,2506.83
2026-09-23 04:00:00,2506.83,2509.37,2505.20,2506.71
2026-09-23 08:00:00,2506.71,2507.95,2500.54,2504.92
2026-09-23 12:00:00,2504.92,2508.99,2500.95,2503.67
2026-09-23 16:00:00,2503.67,2506.25,2499.73,2504.98
2026-09-23 20:00:00,2504.98,2507.43,2502.82,2504.61
2026-09-24 00:00:00,2504.61,2509.67,2504.20,2508.43
2026-09-24 04:00:00,2508.43,2509.75,2500.26,2500.89
2026-09-24 08:00:00,2500.89,2505.01,2498.76,2503.79
2026-09-24 12:00:00,2503.79,2506.54,2499.79,2504.43
2026-09-24 16:00:00,2504.43,2508.16,2500.46,2506.15
2026-09-24 20:00:00,2506.15,2507.57,2503.20,2504.13
2026-09-25 00:00:00,2504.13,2506.39,2503.00,2504.94
2026-09-25 04:00:00,2504.94,2506.59,2502.13,2503.56
2026-09-25 08:00:00,2503.56,2513.89,2501.98,2506.63
2026-09-25 12:00:00,2506.63,2512.10,2500.77,2505.53
2026-09-25 16:00:00,2505.53,2515.22,2505.21,2510.67
2026-09-25 20:00:00,2510.67,2513.39,2508.01,2512.18
2026-09-28 00:00:00,2512.18,2516.55,2511.81,2516.42
2026-09-28 04:00:00,2516.42,2518.26,2512.69,2515.56
2026-09-28 08:00:00,2515.56,2516.88,2510.07,2511.36
2026-09-28 12:00:00,2511.36,2513.91,2505.28,2510.12
2026-09-28 16:00:00,2510.12,2512.34,2503.27,2503.89
2026-09-28 20:00:00,2503.89,2509.20,2502.90,2508.92
2026-09-29 00:00:00,2508.92,2509.65,2506.07,2508.50
2026-09-29 04:00:00,2508.50,2510.41,2502.90,2505.19
2026-09-29 08:00:00,2505.19,2517.97,2504.56,2516.92
2026-09-29 12:00:00,2516.92,2519.71,2504.05,2505.34
2026-09-29 16:00:00,2505.34,2515.52,2504.53,2513.76
2026-09-29 20:00:00,2513.76,2515.17,2511.63,2513.04
2026-09-30 00:00:00,2513.04,2516.90,2512.60,2516.59
2026-09-30 04:00:00,2516.59,2517.59,2511.46,2513.95
2026-09-30 08:00:00,2513.95,2515.37,2506.68,2507.75
2026-09-30 12:00:00,2507.75,2510.08,2497.46,2500.95
2026-09-30 16:00:00,2500.95,2506.38,2494.77,2506.19
2026-09-30 20:00:00,2506.19,2507.86,2502.00,2507.21
